,label,score
0,joy,0.5707700848579407
1,neutral,0.5700178742408752
2,sadness,0.7199028134346008
3,neutral,0.7803613543510437
4,neutral,0.531891942024231
5,fear,0.3471008241176605
6,disgust,0.5348897576332092
7,neutral,0.8262015581130981
8,neutral,0.926910936832428
9,neutral,0.6733803153038025
10,neutral,0.9172201156616211
11,fear,0.906348705291748
12,neutral,0.8117902874946594
13,fear,0.960090160369873
14,anger,0.5887625217437744
15,neutral,0.4837075471878052
16,neutral,0.7949506640434265
17,disgust,0.6688541173934937
18,anger,0.6632997989654541
19,neutral,0.9609347581863403
20,sadness,0.57559734582901
21,fear,0.6924646496772766
22,neutral,0.9347288608551025
23,anger,0.6432487964630127
24,neutral,0.7045321464538574
25,anger,0.6102874875068665
26,fear,0.49056217074394226
27,neutral,0.4914509057998657
28,fear,0.7632768750190735
29,surprise,0.885667622089386
30,neutral,0.6860362887382507
31,neutral,0.7443508505821228
32,anger,0.45924049615859985
33,neutral,0.6531186699867249
34,surprise,0.6395413875579834
35,fear,0.9295251965522766
36,neutral,0.9230810403823853
37,fear,0.929053008556366
38,sadness,0.4626436233520508
39,neutral,0.7729063034057617
40,fear,0.4685567021369934
41,anger,0.526390790939331
42,anger,0.6992936730384827
43,neutral,0.5227490663528442
44,neutral,0.8328968286514282
45,disgust,0.34372666478157043
46,neutral,0.7593879699707031
47,neutral,0.7299417853355408
48,neutral,0.7811189293861389
49,neutral,0.5310946106910706
50,neutral,0.8480901122093201
51,fear,0.6232086420059204
52,neutral,0.5436465740203857
53,fear,0.9729846119880676
54,neutral,0.8561248183250427
55,anger,0.8956669569015503
56,sadness,0.39235571026802063
57,neutral,0.7504591941833496
58,anger,0.5926325917243958
59,neutral,0.6236005425453186
60,fear,0.417092889547348
61,neutral,0.7286162972450256
62,fear,0.6588067412376404
63,neutral,0.45701301097869873
64,anger,0.6305515766143799
65,anger,0.4174739122390747
66,neutral,0.6463155746459961
67,fear,0.8672085404396057
68,neutral,0.7239075303077698
69,neutral,0.8676341772079468
70,fear,0.7818196415901184
71,fear,0.6329463124275208
72,neutral,0.3612997829914093
73,neutral,0.8518171310424805
74,neutral,0.9220497012138367
75,neutral,0.8925086259841919
76,neutral,0.8360518217086792
77,fear,0.45716479420661926
78,anger,0.40274351835250854
79,anger,0.4857058823108673
80,neutral,0.8360836505889893
81,neutral,0.7204746603965759
82,joy,0.5291963815689087
83,neutral,0.7763860821723938
84,fear,0.566665768623352
85,neutral,0.4783799648284912
86,neutral,0.6375004053115845
87,neutral,0.8472565412521362
88,surprise,0.5301362872123718
89,joy,0.8464555144309998
90,disgust,0.3553439676761627
91,anger,0.6736301779747009
92,anger,0.5227353572845459
93,fear,0.38291284441947937
94,anger,0.8285325765609741
95,neutral,0.5675495862960815
96,neutral,0.7174683809280396
97,neutral,0.8060015439987183
98,disgust,0.29016250371932983
99,sadness,0.4927186965942383
100,sadness,0.6665903925895691
101,fear,0.9898480772972107
102,sadness,0.4541299641132355
103,neutral,0.6758992671966553
104,neutral,0.790286123752594
105,anger,0.5345998406410217
106,neutral,0.8034734725952148
107,fear,0.7952320575714111
108,neutral,0.4303911626338959
109,neutral,0.901785671710968
110,neutral,0.5617231130599976
111,disgust,0.3343918025493622
112,fear,0.9795014262199402
113,neutral,0.8911553025245667
114,neutral,0.6430014371871948
115,neutral,0.7870349287986755
116,fear,0.5014500021934509
117,anger,0.48010560870170593
118,neutral,0.6114569306373596
119,neutral,0.7802783846855164
120,neutral,0.837774932384491
121,neutral,0.780098557472229
122,neutral,0.7770078182220459
123,fear,0.45729342103004456
124,anger,0.6475276947021484
125,neutral,0.9078118205070496
126,surprise,0.4673786759376526
127,fear,0.5175697803497314
128,anger,0.945403516292572
129,neutral,0.6801601648330688
130,neutral,0.4550851285457611
131,disgust,0.3511195480823517
132,anger,0.7443129420280457
133,neutral,0.4384910762310028
134,surprise,0.6208747625350952
135,disgust,0.7327916026115417
136,neutral,0.8008318543434143
137,neutral,0.7643607258796692
138,neutral,0.6301607489585876
139,neutral,0.734063446521759
140,neutral,0.8953174352645874
141,neutral,0.5888827443122864
142,disgust,0.7043620944023132
143,sadness,0.5503526926040649
144,anger,0.4770973026752472
145,neutral,0.8448837399482727
146,neutral,0.7748220562934875
147,neutral,0.7254465818405151
148,neutral,0.6211022138595581
149,sadness,0.7022474408149719
150,neutral,0.41884130239486694
151,fear,0.9906863570213318
152,neutral,0.7372596859931946
153,neutral,0.7552728652954102
154,neutral,0.8321563601493835
155,anger,0.9231560230255127
156,sadness,0.9215835332870483
157,neutral,0.5644673705101013
158,neutral,0.6040669679641724
159,neutral,0.4499068558216095
160,anger,0.9531071782112122
161,neutral,0.48277634382247925
162,neutral,0.8190693855285645
163,neutral,0.5387430191040039
164,neutral,0.8176097869873047
165,neutral,0.38966104388237
166,neutral,0.8136236667633057
167,neutral,0.46571946144104004
168,neutral,0.6508305072784424
169,anger,0.6747340559959412
170,neutral,0.6050707101821899
171,neutral,0.7166678309440613
172,neutral,0.910239577293396
173,neutral,0.8925842642784119
174,neutral,0.5327869057655334
175,surprise,0.735849142074585
176,neutral,0.6227566003799438
177,neutral,0.3662318289279938
178,neutral,0.5609006285667419
179,neutral,0.9345497488975525
180,anger,0.5093806982040405
181,neutral,0.6442349553108215
182,sadness,0.8002136945724487
183,sadness,0.6092212796211243
184,neutral,0.8263976573944092
185,neutral,0.7013428807258606
186,neutral,0.8212079405784607
187,disgust,0.6991422176361084
188,fear,0.5436307787895203
189,sadness,0.8844189643859863
190,disgust,0.3575669825077057
191,neutral,0.37240681052207947
192,surprise,0.5620700716972351
193,neutral,0.5983052253723145
194,fear,0.6264753341674805
195,anger,0.9322097897529602
196,neutral,0.9455671310424805
197,fear,0.8750904202461243
198,sadness,0.5796896815299988
199,neutral,0.7794435024261475
200,fear,0.7750239372253418
201,neutral,0.7488857507705688
202,sadness,0.6282060742378235
203,neutral,0.7837163805961609
204,neutral,0.6681907176971436
205,surprise,0.5058455467224121
206,neutral,0.5006824135780334
207,neutral,0.4572891891002655
208,neutral,0.9036160707473755
209,neutral,0.42862409353256226
210,neutral,0.9213971495628357
211,anger,0.8177831768989563
212,neutral,0.9040852189064026
213,joy,0.5604391098022461
214,neutral,0.7650642991065979
215,neutral,0.9127824902534485
216,fear,0.4810522198677063
217,neutral,0.46900928020477295
218,neutral,0.6710905432701111
219,fear,0.5584455728530884
220,fear,0.716093897819519
221,fear,0.9827814698219299
222,neutral,0.8337951898574829
223,fear,0.6463499069213867
224,joy,0.45134642720222473
225,fear,0.5437569618225098
226,neutral,0.5578553676605225
227,disgust,0.53792804479599
228,disgust,0.5033742189407349
229,sadness,0.3873351812362671
230,surprise,0.4654597043991089
231,neutral,0.7428990602493286
232,neutral,0.930290162563324
233,fear,0.9692743420600891
234,neutral,0.5699530839920044
235,disgust,0.4279170632362366
236,anger,0.34564393758773804
237,neutral,0.4149089753627777
238,neutral,0.9313322305679321
239,neutral,0.7292412519454956
240,neutral,0.540296733379364
241,anger,0.5983166098594666
242,sadness,0.37162333726882935
243,neutral,0.605069637298584
244,neutral,0.774743914604187
245,sadness,0.8151302933692932
246,disgust,0.49864956736564636
247,joy,0.9230324029922485
248,neutral,0.5534299612045288
249,disgust,0.5369294881820679
250,neutral,0.9248955249786377
251,disgust,0.4563860297203064
252,neutral,0.781318187713623
253,neutral,0.9387927651405334
254,neutral,0.7062466144561768
255,sadness,0.9092639088630676
256,anger,0.5239605903625488
257,neutral,0.9068816304206848
258,disgust,0.8626996874809265
259,fear,0.565190851688385
260,neutral,0.31935152411460876
261,fear,0.9409063458442688
262,disgust,0.40211451053619385
263,neutral,0.7309187650680542
264,neutral,0.8457228541374207
265,fear,0.3601429760456085
266,neutral,0.9700852036476135
267,neutral,0.940117597579956
268,fear,0.759647786617279
269,fear,0.5795274972915649
270,fear,0.7870954871177673
271,sadness,0.5012950897216797
272,anger,0.36595457792282104
273,surprise,0.3415754437446594
274,fear,0.9698672890663147
275,neutral,0.892379641532898
276,neutral,0.8304985761642456
277,neutral,0.8585898280143738
278,neutral,0.7790631055831909
279,anger,0.5702331066131592
280,anger,0.6750205159187317
281,neutral,0.9217526316642761
282,neutral,0.8123043775558472
283,neutral,0.7139808535575867
284,anger,0.35572659969329834
285,surprise,0.6540842056274414
286,fear,0.3921438157558441
287,neutral,0.6313645243644714
288,anger,0.3797614574432373
289,neutral,0.46718648076057434
290,neutral,0.7839168310165405
291,neutral,0.5830450654029846
292,joy,0.6765888929367065
293,neutral,0.7518222332000732
294,neutral,0.4659675061702728
295,anger,0.565163791179657
296,anger,0.8990318179130554
297,neutral,0.5013540387153625
298,neutral,0.39343857765197754
299,neutral,0.5369779467582703
300,fear,0.48142239451408386
301,neutral,0.8104183673858643
302,fear,0.9843832850456238
303,fear,0.8876883387565613
304,neutral,0.4044843316078186
305,sadness,0.9719361662864685
306,fear,0.8957631587982178
307,neutral,0.4690221846103668
308,anger,0.7683690786361694
309,surprise,0.42284920811653137
310,disgust,0.33700358867645264
311,neutral,0.7360331416130066
312,fear,0.4085480570793152
313,anger,0.9418636560440063
314,neutral,0.7532665729522705
315,disgust,0.4172252416610718
316,neutral,0.6628181338310242
317,fear,0.4062788188457489
318,neutral,0.7499276995658875
319,neutral,0.5529782772064209
320,disgust,0.3545476794242859
321,surprise,0.4905020296573639
322,surprise,0.47448617219924927
323,neutral,0.8314158916473389
324,anger,0.562462329864502
325,neutral,0.7761392593383789
326,sadness,0.9119829535484314
327,neutral,0.3747597932815552
328,anger,0.3630234897136688
329,anger,0.36170998215675354
330,fear,0.8780726194381714
331,sadness,0.8690338134765625
332,neutral,0.6261693835258484
333,neutral,0.8922010660171509
334,anger,0.5502615571022034
335,neutral,0.7747545838356018
336,anger,0.7631881833076477
337,neutral,0.3551844358444214
338,sadness,0.6816099286079407
339,sadness,0.8505867123603821
340,joy,0.5444793105125427
341,neutral,0.8893805742263794
342,neutral,0.8943092226982117
343,neutral,0.8963412046432495
344,neutral,0.5694366097450256
345,neutral,0.8881560564041138
346,neutral,0.8832064867019653
347,neutral,0.8778488039970398
348,neutral,0.821993350982666
349,neutral,0.7404202222824097
350,neutral,0.9326853156089783
351,neutral,0.38684043288230896
352,fear,0.9579519629478455
353,neutral,0.6136507391929626
354,neutral,0.377221018075943
355,sadness,0.48570093512535095
356,fear,0.9307494163513184
357,anger,0.7714471220970154
358,fear,0.471117228269577
359,anger,0.9242518544197083
360,neutral,0.713009774684906
361,fear,0.8937844634056091
362,fear,0.6888424754142761
363,neutral,0.5379050374031067
364,anger,0.36076536774635315
365,neutral,0.5334305763244629
366,joy,0.7242299914360046
367,anger,0.8415859341621399
368,sadness,0.6043184399604797
369,disgust,0.5398566126823425
370,surprise,0.3740882873535156
371,neutral,0.7892529964447021
372,fear,0.3236798346042633
373,neutral,0.5027961730957031
374,fear,0.9690694212913513
375,neutral,0.8126768469810486
376,neutral,0.5745378136634827
377,joy,0.7395714521408081
378,neutral,0.692480206489563
379,neutral,0.622480034828186
380,neutral,0.558161199092865
381,fear,0.9828961491584778
382,neutral,0.7338964939117432
383,neutral,0.7646816372871399
384,neutral,0.8184013366699219
385,neutral,0.7847293019294739
386,neutral,0.8988372683525085
387,neutral,0.6440273523330688
388,neutral,0.65507572889328
389,joy,0.4643799662590027
390,neutral,0.4839203357696533
391,neutral,0.8112744688987732
392,neutral,0.7396465539932251
393,neutral,0.6411141157150269
394,sadness,0.38229984045028687
395,fear,0.539605975151062
396,neutral,0.605198860168457
397,neutral,0.7717542052268982
398,fear,0.4761354625225067
399,fear,0.9559242129325867
400,fear,0.6065183281898499
401,neutral,0.4781465530395508
402,fear,0.6968010663986206
403,fear,0.6767578125
404,fear,0.8702303171157837
405,neutral,0.933146059513092
406,sadness,0.6929763555526733
407,anger,0.5572620630264282
408,fear,0.6760850548744202
409,neutral,0.7632963061332703
410,anger,0.8494167327880859
411,sadness,0.3567831814289093
412,sadness,0.6395644545555115
413,fear,0.9757968187332153
414,fear,0.8554164171218872
415,neutral,0.7275055050849915
416,neutral,0.8920778632164001
417,neutral,0.5465971827507019
418,fear,0.9723248481750488
419,neutral,0.3913407325744629
420,neutral,0.8606676459312439
421,neutral,0.3352208733558655
422,neutral,0.5513051748275757
423,neutral,0.4026581645011902
424,neutral,0.4562920331954956
425,neutral,0.7901448011398315
426,neutral,0.7709378600120544
427,fear,0.7894068360328674
428,fear,0.6173908710479736
429,anger,0.6379656195640564
430,fear,0.9768237471580505
431,neutral,0.7375442981719971
432,anger,0.6385318636894226
433,surprise,0.3344968855381012
434,neutral,0.8181146383285522
435,fear,0.6351109743118286
436,sadness,0.40239137411117554
437,neutral,0.27522337436676025
438,neutral,0.9237112402915955
439,neutral,0.7391171455383301
440,anger,0.6409316658973694
441,fear,0.7918846011161804
442,neutral,0.7012600302696228
443,neutral,0.4387046694755554
444,neutral,0.6650439500808716
445,fear,0.9366809129714966
446,neutral,0.8322666883468628
447,neutral,0.646638035774231
448,fear,0.9165359139442444
449,fear,0.3768611550331116
450,neutral,0.9088560938835144
451,neutral,0.6566073298454285
452,disgust,0.5394557118415833
453,neutral,0.7260118126869202
454,neutral,0.9217312335968018
455,fear,0.984819769859314
456,neutral,0.619110643863678
457,neutral,0.7483114004135132
458,neutral,0.5197977423667908
459,fear,0.694754958152771
460,neutral,0.43745219707489014
461,anger,0.4117722511291504
462,neutral,0.6710861325263977
463,neutral,0.8998685479164124
464,neutral,0.5437063574790955
465,fear,0.6235991716384888
466,sadness,0.46164414286613464
467,anger,0.6067483425140381
468,sadness,0.8802662491798401
469,sadness,0.49305105209350586
470,anger,0.41841429471969604
471,neutral,0.8390055298805237
472,neutral,0.7500327825546265
473,neutral,0.9047208428382874
474,fear,0.983629047870636
475,anger,0.7912000417709351
476,sadness,0.6735324263572693
477,neutral,0.5001485347747803
478,neutral,0.7070689797401428
479,fear,0.8761064410209656
480,joy,0.6693350672721863
481,neutral,0.6006391644477844
482,anger,0.7303473949432373
483,neutral,0.926943302154541
484,fear,0.8840591311454773
485,fear,0.8263965845108032
486,sadness,0.7125120162963867
487,neutral,0.8984836339950562
488,fear,0.6874353289604187
489,sadness,0.6749081015586853
490,sadness,0.45070987939834595
491,neutral,0.6281852126121521
492,neutral,0.8793168663978577
493,fear,0.577487587928772
494,neutral,0.7431601881980896
495,sadness,0.52826988697052
496,neutral,0.8018115162849426
497,fear,0.9859794974327087
498,neutral,0.5668243765830994
499,neutral,0.47773194313049316
500,joy,0.5953012704849243
501,anger,0.4608169198036194
502,sadness,0.8985456228256226
503,fear,0.4449019134044647
504,fear,0.8371948003768921
505,neutral,0.9735738039016724
506,neutral,0.8560437560081482
507,anger,0.7114655375480652
508,neutral,0.5374004244804382
509,neutral,0.3974660336971283
510,anger,0.6812059879302979
511,anger,0.45549094676971436
512,neutral,0.5460249185562134
513,neutral,0.8934746384620667
514,neutral,0.44872134923934937
515,neutral,0.9090725779533386
516,neutral,0.6933934092521667
517,neutral,0.6582539677619934
518,fear,0.6150237917900085
519,fear,0.7614014744758606
520,disgust,0.7955073118209839
521,anger,0.5240001678466797
522,fear,0.7722747921943665
523,sadness,0.840326189994812
524,neutral,0.5991017818450928
525,anger,0.4377361238002777
526,sadness,0.4648110270500183
527,neutral,0.8801383972167969
528,sadness,0.4281597137451172
529,neutral,0.7039551138877869
530,sadness,0.8259990811347961
531,anger,0.44567087292671204
532,joy,0.3740379214286804
533,joy,0.847664475440979
534,neutral,0.6637752056121826
535,neutral,0.584572970867157
536,fear,0.8233078718185425
537,sadness,0.7416108250617981
538,neutral,0.754429280757904
539,neutral,0.6822307109832764
540,joy,0.6654272079467773
541,neutral,0.41853082180023193
542,sadness,0.7339869141578674
543,neutral,0.6035763621330261
544,neutral,0.8476948738098145
545,neutral,0.5506862998008728
546,neutral,0.7122570872306824
547,fear,0.9923219084739685
548,anger,0.8263790607452393
549,fear,0.9755022525787354
550,neutral,0.7476294636726379
551,neutral,0.5118904113769531
552,fear,0.7922799587249756
553,anger,0.4278281629085541
554,fear,0.8602917790412903
555,neutral,0.7345722913742065
556,neutral,0.8652398586273193
557,neutral,0.8730716705322266
558,sadness,0.3538520932197571
559,disgust,0.8934740424156189
560,neutral,0.4693413972854614
561,fear,0.9641169309616089
562,neutral,0.9312586784362793
563,neutral,0.7738491296768188
564,neutral,0.4755469262599945
565,joy,0.5633392930030823
566,fear,0.45723214745521545
567,neutral,0.57281094789505
568,neutral,0.49586057662963867
569,sadness,0.9314002394676208
570,fear,0.7957926392555237
571,neutral,0.3681468069553375
572,neutral,0.44482019543647766
573,neutral,0.7580850124359131
574,anger,0.40509098768234253
575,fear,0.9080060720443726
576,fear,0.4043584167957306
577,neutral,0.5061306953430176
578,sadness,0.811469554901123
579,fear,0.625423014163971
580,sadness,0.691177487373352
581,neutral,0.5579618215560913
582,neutral,0.576998770236969
583,joy,0.538888156414032
584,sadness,0.8412150144577026
585,neutral,0.6553876399993896
586,anger,0.9657002091407776
587,surprise,0.9721983075141907
588,surprise,0.4799834191799164
589,neutral,0.4307782053947449
590,neutral,0.8109470009803772
591,surprise,0.2895270586013794
592,anger,0.6369485259056091
593,anger,0.6282259821891785
594,neutral,0.8655516505241394
595,neutral,0.7620733976364136
596,neutral,0.5201358795166016
597,neutral,0.618789553642273
598,neutral,0.8226400017738342
599,neutral,0.356062114238739
600,neutral,0.7880265712738037
601,disgust,0.5615820288658142
602,anger,0.44869500398635864
603,anger,0.4847117066383362
604,neutral,0.675943911075592
605,disgust,0.540144681930542
606,neutral,0.7205498814582825
607,neutral,0.8378968834877014
608,fear,0.9905757904052734
609,anger,0.6466447710990906
610,neutral,0.5493410229682922
611,neutral,0.6874287724494934
612,disgust,0.6500373482704163
613,neutral,0.8845686912536621
614,neutral,0.4281421899795532
615,neutral,0.8436935544013977
616,sadness,0.4446050524711609
617,fear,0.9360538125038147
618,neutral,0.9104742407798767
619,neutral,0.8131729364395142
620,sadness,0.7154552936553955
621,fear,0.6584178805351257
622,neutral,0.7934477925300598
623,neutral,0.6793217062950134
624,neutral,0.7705704569816589
625,neutral,0.5418494343757629
626,fear,0.4216823875904083
627,neutral,0.9520785808563232
628,neutral,0.8264622688293457
629,neutral,0.7536392211914062
630,neutral,0.47084006667137146
631,neutral,0.7519075870513916
632,disgust,0.8739423155784607
633,neutral,0.8304727077484131
634,fear,0.543721616268158
635,anger,0.6268178820610046
636,anger,0.35444164276123047
637,neutral,0.5195629000663757
638,surprise,0.818135142326355
639,neutral,0.5000065565109253
640,neutral,0.9279606938362122
641,neutral,0.6856083869934082
642,anger,0.4305557310581207
643,disgust,0.4256577789783478
644,fear,0.9621070027351379
645,fear,0.4598754942417145
646,neutral,0.8440073132514954
647,neutral,0.7604625225067139
648,neutral,0.49381953477859497
649,fear,0.9003123641014099
650,neutral,0.597283661365509
651,fear,0.8457326292991638
652,neutral,0.8502407670021057
653,neutral,0.8336633443832397
654,neutral,0.5520325899124146
655,neutral,0.8596619367599487
656,neutral,0.7183206677436829
657,sadness,0.7517068982124329
658,neutral,0.9147077202796936
659,fear,0.4154343903064728
660,neutral,0.3085592985153198
661,anger,0.5210713744163513
662,neutral,0.8518635034561157
663,sadness,0.9302219748497009
664,fear,0.8701814413070679
665,neutral,0.45542144775390625
666,neutral,0.7784741520881653
667,neutral,0.7746854424476624
668,neutral,0.39776018261909485
669,neutral,0.410448282957077
670,sadness,0.3945528566837311
671,sadness,0.8464458584785461
672,sadness,0.7920442819595337
673,neutral,0.5386362075805664
674,neutral,0.8220744729042053
675,neutral,0.31175336241722107
676,surprise,0.5008116364479065
677,neutral,0.6823722124099731
678,disgust,0.6506043076515198
679,neutral,0.41684117913246155
680,sadness,0.5527344942092896
681,fear,0.9860481023788452
682,fear,0.3465863764286041
683,neutral,0.5207107067108154
684,neutral,0.6475196480751038
685,neutral,0.5239343643188477
686,anger,0.9430117011070251
687,neutral,0.8446906208992004
688,fear,0.40955260396003723
689,sadness,0.9576974511146545
690,neutral,0.7651864290237427
691,neutral,0.8156632781028748
692,neutral,0.6034182906150818
693,neutral,0.7176754474639893
694,neutral,0.6212422251701355
695,surprise,0.6415877342224121
696,neutral,0.8446924686431885
697,anger,0.3187878727912903
698,neutral,0.4389846622943878
699,fear,0.9587903022766113
700,neutral,0.45408040285110474
701,disgust,0.5673500895500183
702,fear,0.45025205612182617
703,fear,0.9801561832427979
704,surprise,0.6130061745643616
705,neutral,0.7533777356147766
706,fear,0.3760271370410919
707,neutral,0.5912261605262756
708,fear,0.5635237693786621
709,neutral,0.7184855937957764
710,neutral,0.7709210515022278
711,fear,0.9721477031707764
712,sadness,0.744371235370636
713,fear,0.7856763005256653
714,surprise,0.3465236723423004
715,neutral,0.8493576645851135
716,neutral,0.7460453510284424
717,neutral,0.6114367246627808
718,disgust,0.4861331582069397
719,anger,0.7636576890945435
720,neutral,0.8539396524429321
721,neutral,0.8227247595787048
722,neutral,0.4253958463668823
723,neutral,0.5994312167167664
724,anger,0.8527652025222778
725,neutral,0.7384968400001526
726,neutral,0.6737638711929321
727,neutral,0.9027957320213318
728,neutral,0.8650954365730286
729,neutral,0.9150051474571228
730,fear,0.9679677486419678
731,fear,0.897857129573822
732,anger,0.8061079382896423
733,neutral,0.445190966129303
734,anger,0.46650588512420654
735,anger,0.7836161851882935
736,fear,0.953023374080658
737,fear,0.6321038603782654
738,fear,0.9315280914306641
739,neutral,0.6697593927383423
740,anger,0.4117722511291504
741,sadness,0.3447779715061188
742,neutral,0.9215770363807678
743,neutral,0.9492586255073547
744,neutral,0.41320639848709106
745,neutral,0.7708306908607483
746,neutral,0.666617214679718
747,disgust,0.9711125493049622
748,fear,0.5316283702850342
749,anger,0.4689739942550659
750,neutral,0.9596902132034302
751,fear,0.7955919504165649
752,neutral,0.7238491773605347
753,neutral,0.8678918480873108
754,neutral,0.3786005973815918
755,fear,0.9797348380088806
756,fear,0.7110714316368103
757,neutral,0.8290924429893494
758,fear,0.5458995699882507
759,disgust,0.35483765602111816
760,neutral,0.6547410488128662
761,disgust,0.8950855731964111
762,fear,0.5975509881973267
763,fear,0.8399839997291565
764,neutral,0.7501641511917114
765,sadness,0.8501700162887573
766,neutral,0.7899274230003357
767,neutral,0.843017578125
768,neutral,0.6416772603988647
769,disgust,0.4512122571468353
770,neutral,0.36886483430862427
771,neutral,0.9431050419807434
772,sadness,0.9296234846115112
773,anger,0.7630100250244141
774,fear,0.6088449358940125
775,neutral,0.7880125641822815
776,neutral,0.8959844708442688
777,neutral,0.8304948806762695
778,neutral,0.6719644665718079
779,neutral,0.7193533182144165
780,fear,0.8824765086174011
781,surprise,0.4790049195289612
782,neutral,0.517414391040802
783,sadness,0.5673378109931946
784,sadness,0.7461227178573608
785,fear,0.9642056226730347
786,neutral,0.8051046133041382
787,neutral,0.7606309056282043
788,neutral,0.6596711277961731
789,anger,0.6500062942504883
790,anger,0.5025858283042908
791,neutral,0.8984631299972534
792,fear,0.7778031826019287
793,sadness,0.4635712802410126
794,disgust,0.866938591003418
795,neutral,0.4589158296585083
796,neutral,0.8908023238182068
797,anger,0.8021262288093567
798,disgust,0.3704071640968323
799,anger,0.983258843421936
800,neutral,0.9164209961891174
801,neutral,0.4803359806537628
802,surprise,0.42809417843818665
803,disgust,0.867234468460083
804,neutral,0.3534911870956421
805,fear,0.8925651907920837
806,neutral,0.8943092226982117
807,fear,0.6759426593780518
808,neutral,0.8883303999900818
809,neutral,0.9132857322692871
810,anger,0.5298282504081726
811,anger,0.4488619565963745
812,neutral,0.4049108624458313
813,neutral,0.8415513038635254
814,sadness,0.4364300072193146
815,neutral,0.7891488671302795
816,neutral,0.7008237838745117
817,neutral,0.3806968331336975
818,fear,0.4677833020687103
819,neutral,0.5726684927940369
820,fear,0.7508779764175415
821,neutral,0.9199618697166443
822,neutral,0.739585280418396
823,fear,0.9495155215263367
824,surprise,0.4214513897895813
825,neutral,0.5825470089912415
826,neutral,0.3526519238948822
827,neutral,0.9066394567489624
828,fear,0.7498049736022949
829,anger,0.9031186103820801
830,fear,0.6466361284255981
831,neutral,0.5446442365646362
832,anger,0.3470810055732727
833,neutral,0.671342134475708
834,anger,0.3570389747619629
835,fear,0.9092456102371216
836,neutral,0.5958606004714966
837,neutral,0.492458313703537
838,fear,0.9584797620773315
839,fear,0.707467257976532
840,joy,0.6947160363197327
841,disgust,0.4377387464046478
842,anger,0.9080412983894348
843,disgust,0.4706485867500305
844,anger,0.5338261723518372
845,fear,0.8763362765312195
846,sadness,0.7483265995979309
847,neutral,0.6742584109306335
848,neutral,0.9160104990005493
849,neutral,0.8543460965156555
850,anger,0.7493395209312439
851,neutral,0.7666357159614563
852,fear,0.3343658149242401
853,fear,0.41898977756500244
854,fear,0.4728185534477234
855,fear,0.9756322503089905
856,disgust,0.9418521523475647
857,surprise,0.6025919914245605
858,anger,0.38918110728263855
859,disgust,0.4672400951385498
860,anger,0.6783906817436218
861,anger,0.6464693546295166
862,neutral,0.7352165579795837
863,fear,0.8131453990936279
864,fear,0.7155648469924927
865,anger,0.8681060075759888
866,sadness,0.8310490846633911
867,surprise,0.9528414011001587
868,neutral,0.6244467496871948
869,fear,0.9814980030059814
870,neutral,0.5580911636352539
871,fear,0.6018250584602356
872,neutral,0.5209545493125916
873,neutral,0.2929859161376953
874,fear,0.5143803358078003
875,anger,0.41534143686294556
876,neutral,0.5111081004142761
877,neutral,0.3691783547401428
878,anger,0.9089688658714294
879,sadness,0.4604472815990448
880,neutral,0.9027306437492371
881,neutral,0.9164855480194092
882,neutral,0.8959938287734985
883,neutral,0.6458768844604492
884,anger,0.7678169012069702
885,joy,0.9055904150009155
886,fear,0.8989874124526978
887,anger,0.47142431139945984
888,neutral,0.9253101348876953
889,anger,0.5920965075492859
890,fear,0.5524646043777466
891,neutral,0.8925856947898865
892,sadness,0.8667359948158264
893,fear,0.8814889788627625
894,neutral,0.572537899017334
895,neutral,0.817607581615448
896,neutral,0.7257155179977417
897,anger,0.4942745864391327
898,fear,0.942391574382782
899,fear,0.39619308710098267
900,neutral,0.47294721007347107
901,fear,0.44790709018707275
902,anger,0.8407360911369324
903,fear,0.9843936562538147
904,neutral,0.5114272832870483
905,neutral,0.7965145111083984
906,anger,0.9571654796600342
907,sadness,0.6301776766777039
908,sadness,0.6847472190856934
909,fear,0.40471428632736206
910,anger,0.3623242974281311
911,neutral,0.8034540414810181
912,neutral,0.6809068918228149
913,neutral,0.5293009281158447
914,fear,0.4941808879375458
915,sadness,0.4858487546443939
916,anger,0.6843852400779724
917,neutral,0.7675827741622925
918,anger,0.6080355644226074
919,neutral,0.5303319096565247
920,neutral,0.4516386091709137
921,anger,0.6967320442199707
922,anger,0.6221004724502563
923,neutral,0.8765918612480164
924,fear,0.3142836093902588
925,neutral,0.8687784075737
926,fear,0.8820540308952332
927,joy,0.49727338552474976
928,sadness,0.771714985370636
929,neutral,0.7772860527038574
930,neutral,0.48843735456466675
931,neutral,0.33388006687164307
932,sadness,0.48576316237449646
933,anger,0.4177723824977875
934,anger,0.311832457780838
935,neutral,0.833185076713562
936,fear,0.9684863090515137
937,anger,0.5363529324531555
938,neutral,0.5878809094429016
939,anger,0.33823826909065247
940,neutral,0.8364948630332947
941,fear,0.8648337721824646
942,sadness,0.30570074915885925
943,neutral,0.829283595085144
944,neutral,0.7895472049713135
945,fear,0.779522180557251
946,neutral,0.4798075556755066
947,surprise,0.45345214009284973
948,neutral,0.6531186699867249
949,sadness,0.6062451601028442
950,neutral,0.5435076951980591
951,fear,0.7522753477096558
952,sadness,0.861701488494873
953,surprise,0.6226452589035034
954,disgust,0.4241373538970947
955,neutral,0.65777188539505
956,neutral,0.7990936636924744
957,anger,0.7694125175476074
958,neutral,0.26971563696861267
959,fear,0.5563511252403259
960,neutral,0.7618046998977661
961,fear,0.43096956610679626
962,neutral,0.5864778757095337
963,neutral,0.6466636061668396
964,neutral,0.7368950843811035
965,sadness,0.724834144115448
966,fear,0.8415035605430603
967,neutral,0.5822442770004272
968,disgust,0.7316789627075195
969,anger,0.9880317449569702
970,anger,0.625481128692627
971,sadness,0.725468635559082
972,neutral,0.9281745553016663
973,neutral,0.6846315264701843
974,neutral,0.844757616519928
975,neutral,0.6996446847915649
976,fear,0.9865233302116394
977,neutral,0.9130357503890991
978,sadness,0.8540822267532349
979,fear,0.5102111101150513
980,anger,0.8761130571365356
981,neutral,0.8198045492172241
982,anger,0.4303126633167267
983,fear,0.9885652661323547
984,disgust,0.9342165589332581
985,neutral,0.9004274606704712
986,anger,0.743867814540863
987,neutral,0.6713480353355408
988,neutral,0.42063429951667786
989,neutral,0.6057113409042358
990,anger,0.7702941298484802
991,neutral,0.6913380026817322
992,neutral,0.4302448332309723
993,neutral,0.8484535217285156
994,neutral,0.8201959133148193
995,sadness,0.5334242582321167
996,sadness,0.6187880039215088
997,fear,0.9770272970199585
998,fear,0.3734702467918396
999,neutral,0.9513409733772278
1000,neutral,0.4125329256057739
1001,anger,0.3917059600353241
1002,fear,0.9751299619674683
1003,anger,0.7725222110748291
1004,neutral,0.8011338710784912
1005,disgust,0.873685896396637
1006,neutral,0.7126274704933167
1007,disgust,0.8909923434257507
1008,neutral,0.7738382816314697
1009,neutral,0.41092342138290405
1010,neutral,0.8943092226982117
1011,neutral,0.690839409828186
1012,anger,0.3800777196884155
1013,fear,0.720073938369751
1014,fear,0.4614817798137665
1015,disgust,0.4789041578769684
1016,joy,0.4791063666343689
1017,neutral,0.7293533086776733
1018,fear,0.9571428894996643
1019,neutral,0.8596087694168091
1020,disgust,0.9587945938110352
1021,fear,0.9236193299293518
1022,fear,0.6651743054389954
1023,neutral,0.9544634819030762
1024,sadness,0.433276891708374
1025,neutral,0.5342941284179688
1026,neutral,0.6020921468734741
1027,neutral,0.7128592729568481
1028,sadness,0.33923348784446716
1029,surprise,0.9758836627006531
1030,fear,0.882895290851593
1031,sadness,0.8120745420455933
1032,neutral,0.9036892056465149
1033,fear,0.9381141066551208
1034,fear,0.9760823845863342
1035,fear,0.47643575072288513
1036,anger,0.40856045484542847
1037,anger,0.9250163435935974
1038,neutral,0.8834410905838013
1039,neutral,0.859811544418335
1040,neutral,0.5797888040542603
1041,disgust,0.5612298846244812
1042,neutral,0.5813798308372498
1043,neutral,0.6507852673530579
1044,fear,0.7131493091583252
1045,disgust,0.48974019289016724
1046,fear,0.8473543524742126
1047,fear,0.8121702075004578
1048,neutral,0.8306770324707031
1049,anger,0.47949326038360596
1050,neutral,0.4996670186519623
1051,neutral,0.3181695342063904
1052,neutral,0.7295017838478088
1053,neutral,0.9068922400474548
1054,neutral,0.633960485458374
1055,neutral,0.9175927042961121
1056,neutral,0.5251188278198242
1057,fear,0.968252420425415
1058,anger,0.3781590163707733
1059,anger,0.8751256465911865
1060,anger,0.6784268617630005
1061,neutral,0.8900023102760315
1062,neutral,0.8344744443893433
1063,anger,0.7406031489372253
1064,joy,0.4508754312992096
1065,anger,0.31518274545669556
1066,neutral,0.7754485607147217
1067,joy,0.7360782027244568
1068,disgust,0.4241175353527069
1069,neutral,0.8817554712295532
1070,anger,0.9716563820838928
1071,neutral,0.520310640335083
1072,neutral,0.7328465580940247
1073,fear,0.510604739189148
1074,disgust,0.318506121635437
1075,sadness,0.36807844042778015
1076,anger,0.3885151743888855
1077,neutral,0.8449038863182068
1078,neutral,0.45684048533439636
1079,neutral,0.3889908492565155
1080,neutral,0.9104583263397217
1081,neutral,0.8273672461509705
1082,fear,0.862578272819519
1083,fear,0.46072065830230713
1084,neutral,0.37067165970802307
1085,neutral,0.5329440832138062
1086,neutral,0.58565753698349
1087,joy,0.42558565735816956
1088,anger,0.791016697883606
1089,joy,0.5802897214889526
1090,neutral,0.8455410003662109
1091,neutral,0.6144652366638184
1092,neutral,0.7988448739051819
1093,neutral,0.7851731181144714
1094,fear,0.8214790225028992
1095,disgust,0.37749946117401123
1096,neutral,0.5045748949050903
1097,fear,0.7557289600372314
1098,anger,0.2974717915058136
1099,joy,0.4150013327598572
1100,disgust,0.3099205493927002
1101,neutral,0.5937308073043823
1102,sadness,0.9407988786697388
1103,neutral,0.4078250825405121
1104,neutral,0.7475558519363403
1105,neutral,0.5480324625968933
1106,neutral,0.6868281364440918
1107,neutral,0.3217504918575287
1108,disgust,0.7924977540969849
1109,neutral,0.8533183932304382
1110,neutral,0.9220912456512451
1111,disgust,0.371150404214859
1112,neutral,0.6129487156867981
1113,sadness,0.7351763248443604
1114,neutral,0.6984625458717346
1115,neutral,0.8248838782310486
1116,sadness,0.6268665194511414
1117,anger,0.7537415623664856
1118,neutral,0.5135491490364075
1119,disgust,0.6394926309585571
1120,neutral,0.7372048497200012
1121,fear,0.9888116121292114
1122,neutral,0.9058957099914551
1123,disgust,0.8993638753890991
1124,fear,0.7233052849769592
1125,neutral,0.9368352890014648
1126,anger,0.7379988431930542
1127,anger,0.5861279964447021
1128,neutral,0.7741296291351318
1129,neutral,0.5833127498626709
1130,fear,0.7334575653076172
1131,fear,0.9174225330352783
1132,fear,0.9895609617233276
1133,fear,0.5268781185150146
1134,anger,0.9032785892486572
1135,fear,0.9684863090515137
1136,neutral,0.6892663836479187
1137,disgust,0.3279830515384674
1138,anger,0.41582226753234863
1139,anger,0.7603718638420105
1140,joy,0.45037609338760376
1141,disgust,0.33154305815696716
1142,neutral,0.526317298412323
1143,neutral,0.7776854038238525
1144,neutral,0.9238848090171814
1145,fear,0.9178451299667358
1146,fear,0.9710597991943359
1147,sadness,0.8285942077636719
1148,neutral,0.9420289993286133
1149,neutral,0.7165245413780212
1150,anger,0.4086052477359772
1151,disgust,0.928927481174469
1152,neutral,0.544622004032135
1153,fear,0.4437468945980072
1154,neutral,0.7017751932144165
1155,fear,0.8274120092391968
1156,neutral,0.5000834465026855
1157,neutral,0.8929693102836609
1158,neutral,0.7932900786399841
1159,surprise,0.810577929019928
1160,neutral,0.898371160030365
1161,neutral,0.6350046992301941
1162,neutral,0.690811038017273
1163,fear,0.5663641095161438
1164,fear,0.5312516093254089
1165,fear,0.5787224769592285
1166,anger,0.6294143795967102
1167,neutral,0.8267552256584167
1168,neutral,0.7381776571273804
1169,neutral,0.6181387305259705
1170,neutral,0.9237673282623291
1171,neutral,0.3223939836025238
1172,fear,0.9650831818580627
1173,neutral,0.650947093963623
1174,fear,0.7193587422370911
1175,neutral,0.7426792979240417
1176,neutral,0.8220502138137817
1177,neutral,0.8478091955184937
1178,neutral,0.8009802103042603
1179,surprise,0.36761313676834106
1180,neutral,0.8324548006057739
1181,neutral,0.5472959876060486
1182,neutral,0.9298582077026367
1183,neutral,0.8473039865493774
1184,sadness,0.8698803186416626
1185,neutral,0.805584728717804
1186,anger,0.9224997162818909
1187,anger,0.40109962224960327
1188,neutral,0.8842202425003052
1189,neutral,0.7961463332176208
1190,neutral,0.6710197925567627
1191,neutral,0.7147838473320007
1192,sadness,0.7422146797180176
1193,anger,0.49993300437927246
1194,neutral,0.5650843977928162
1195,fear,0.36388689279556274
1196,neutral,0.8858045339584351
1197,neutral,0.9309371113777161
1198,neutral,0.7888481616973877
1199,neutral,0.5754806399345398
1200,fear,0.6415302157402039
1201,disgust,0.9582937359809875
1202,neutral,0.4348427951335907
1203,anger,0.37389010190963745
1204,fear,0.9874115586280823
1205,neutral,0.9237631559371948
1206,fear,0.9854047894477844
1207,neutral,0.9122558832168579
1208,neutral,0.6061291694641113
1209,anger,0.47428661584854126
1210,neutral,0.5855175852775574
1211,disgust,0.5280129909515381
1212,fear,0.4583072364330292
1213,fear,0.9680496454238892
1214,fear,0.3259343206882477
1215,anger,0.37723681330680847
1216,anger,0.6374532580375671
1217,anger,0.7903242111206055
1218,neutral,0.824111819267273
1219,neutral,0.648810088634491
1220,neutral,0.48174670338630676
1221,fear,0.8340920209884644
1222,anger,0.45970505475997925
1223,neutral,0.517234742641449
1224,neutral,0.7616389989852905
1225,anger,0.742655873298645
1226,disgust,0.4525400400161743
1227,neutral,0.6633663177490234
1228,fear,0.5250483751296997
1229,neutral,0.9315004944801331
1230,surprise,0.3997085392475128
1231,joy,0.5547059178352356
1232,fear,0.7747349739074707
1233,fear,0.45585188269615173
1234,fear,0.9802802205085754
1235,surprise,0.6589607000350952
1236,neutral,0.8012165427207947
1237,neutral,0.598700225353241
1238,neutral,0.7915298342704773
1239,neutral,0.756838321685791
1240,disgust,0.855217695236206
1241,neutral,0.6923459768295288
1242,neutral,0.5549538731575012
1243,fear,0.5789569616317749
1244,fear,0.9835931062698364
1245,neutral,0.8148606419563293
1246,neutral,0.8901288509368896
1247,fear,0.4014723300933838
1248,neutral,0.684909999370575
1249,neutral,0.9072604179382324
1250,disgust,0.5016282796859741
1251,anger,0.5868768095970154
1252,neutral,0.6771788001060486
1253,neutral,0.49085545539855957
1254,fear,0.44749516248703003
1255,neutral,0.4996233582496643
1256,neutral,0.8281169533729553
1257,neutral,0.5468212962150574
1258,neutral,0.4901566207408905
1259,neutral,0.5199830532073975
1260,neutral,0.38025379180908203
1261,anger,0.581352174282074
1262,disgust,0.38884952664375305
1263,neutral,0.45576488971710205
1264,neutral,0.7964810729026794
1265,sadness,0.7897768616676331
1266,neutral,0.5047913193702698
1267,neutral,0.6590445637702942
1268,neutral,0.6093164682388306
1269,neutral,0.48588329553604126
1270,sadness,0.8693424463272095
1271,anger,0.7460159659385681
1272,neutral,0.758391797542572
1273,disgust,0.4247262179851532
1274,neutral,0.7014023661613464
1275,fear,0.8373669981956482
1276,sadness,0.8153431415557861
1277,neutral,0.5426507592201233
1278,surprise,0.5608200430870056
1279,anger,0.4391818642616272
1280,neutral,0.7816017270088196
1281,neutral,0.6595835089683533
1282,fear,0.9528568983078003
1283,surprise,0.8500357270240784
1284,sadness,0.7849401831626892
1285,neutral,0.7883659601211548
1286,sadness,0.33205896615982056
1287,joy,0.4204929769039154
1288,neutral,0.4814694821834564
1289,fear,0.9649614691734314
1290,disgust,0.5675461888313293
1291,fear,0.9140861630439758
1292,fear,0.9714503884315491
1293,neutral,0.8389477729797363
1294,fear,0.6182927489280701
1295,sadness,0.7796691656112671
1296,anger,0.3341222107410431
1297,neutral,0.7087441682815552
1298,neutral,0.7893640995025635
1299,neutral,0.8063532114028931
1300,neutral,0.5483658313751221
1301,sadness,0.9726427793502808
1302,neutral,0.8114886283874512
1303,sadness,0.48749208450317383
1304,sadness,0.9477680921554565
1305,anger,0.9666603803634644
1306,neutral,0.8423494100570679
1307,fear,0.8931209444999695
1308,neutral,0.5096001625061035
1309,neutral,0.6773834824562073
1310,neutral,0.446807324886322
1311,neutral,0.7581024765968323
1312,fear,0.9504985809326172
1313,neutral,0.7049822807312012
1314,anger,0.4172486960887909
1315,neutral,0.651084840297699
1316,sadness,0.7852992415428162
1317,neutral,0.8027206063270569
1318,neutral,0.7117714285850525
1319,neutral,0.7420157194137573
1320,sadness,0.7666875123977661
1321,fear,0.8908000588417053
1322,surprise,0.5486927032470703
1323,neutral,0.5831266045570374
1324,fear,0.9183729887008667
1325,neutral,0.28553181886672974
1326,fear,0.5113316178321838
1327,neutral,0.8796387314796448
1328,disgust,0.9053245782852173
1329,anger,0.5788392424583435
1330,neutral,0.7732455134391785
1331,anger,0.7044249176979065
1332,neutral,0.9012800455093384
1333,neutral,0.6990867257118225
1334,fear,0.7864574193954468
1335,neutral,0.8431390523910522
1336,neutral,0.3118191659450531
1337,neutral,0.7193182706832886
1338,fear,0.8745127320289612
1339,neutral,0.6121461987495422
1340,neutral,0.8266238570213318
1341,neutral,0.6172880530357361
1342,sadness,0.5921496152877808
1343,neutral,0.4571059048175812
1344,sadness,0.6774809956550598
1345,neutral,0.7431496381759644
1346,neutral,0.9362541437149048
1347,neutral,0.5520197749137878
1348,disgust,0.4877132773399353
1349,fear,0.6284548044204712
1350,neutral,0.7709035277366638
1351,fear,0.9109472632408142
1352,fear,0.9202789664268494
1353,disgust,0.5554674863815308
1354,neutral,0.8883591890335083
1355,fear,0.6764222383499146
1356,neutral,0.7471892237663269
1357,neutral,0.5712996125221252
1358,neutral,0.8460320830345154
1359,fear,0.8573576807975769
1360,fear,0.4854031503200531
1361,neutral,0.47263795137405396
1362,neutral,0.9291331171989441
1363,disgust,0.46377092599868774
1364,neutral,0.8852821588516235
1365,neutral,0.7334404587745667
1366,neutral,0.8074673414230347
1367,surprise,0.6456663012504578
1368,anger,0.6934074759483337
1369,sadness,0.33345937728881836
1370,fear,0.6974855661392212
1371,neutral,0.505974292755127
1372,neutral,0.9015644192695618
1373,neutral,0.7683550715446472
1374,neutral,0.46905574202537537
1375,fear,0.8605020642280579
1376,disgust,0.48327726125717163
1377,neutral,0.8375399708747864
1378,neutral,0.882560133934021
1379,neutral,0.6210930943489075
1380,neutral,0.6509992480278015
1381,anger,0.796249508857727
1382,neutral,0.5501691699028015
1383,neutral,0.27085253596305847
1384,neutral,0.5090349316596985
1385,neutral,0.8386093974113464
1386,neutral,0.8104208707809448
1387,neutral,0.8809099793434143
1388,joy,0.5520245432853699
1389,neutral,0.6795850396156311
1390,neutral,0.6654009222984314
1391,anger,0.5979546904563904
1392,neutral,0.47123801708221436
1393,neutral,0.6380394101142883
1394,neutral,0.6977686285972595
1395,sadness,0.730394184589386
1396,neutral,0.860448956489563
1397,neutral,0.6163386106491089
1398,neutral,0.4384986460208893
1399,neutral,0.6877541542053223
1400,neutral,0.7306689620018005
1401,neutral,0.8276494741439819
1402,neutral,0.8707869052886963
1403,neutral,0.8776530027389526
1404,anger,0.7069392800331116
1405,sadness,0.8492302298545837
1406,neutral,0.42060402035713196
1407,fear,0.6584178805351257
1408,fear,0.7883031964302063
1409,neutral,0.7201023697853088
1410,surprise,0.8475702404975891
1411,sadness,0.6734864115715027
1412,anger,0.664682924747467
1413,neutral,0.38911426067352295
1414,neutral,0.6251415014266968
1415,neutral,0.3247483968734741
1416,anger,0.4210560619831085
1417,neutral,0.5912618637084961
1418,neutral,0.8516145944595337
1419,neutral,0.814205527305603
1420,fear,0.9904571175575256
1421,anger,0.7731238603591919
1422,sadness,0.4067591726779938
1423,neutral,0.7796525359153748
1424,sadness,0.3756508231163025
1425,neutral,0.648810088634491
1426,sadness,0.3297766447067261
1427,fear,0.681542158126831
1428,neutral,0.40987008810043335
1429,neutral,0.47732776403427124
1430,anger,0.44535061717033386
1431,joy,0.6804656982421875
1432,neutral,0.5300330519676208
1433,neutral,0.8566102981567383
1434,fear,0.7225127220153809
1435,neutral,0.6441536545753479
1436,neutral,0.577009916305542
1437,fear,0.7942739129066467
1438,neutral,0.7919588685035706
1439,neutral,0.4187098443508148
1440,anger,0.33542943000793457
1441,disgust,0.44058093428611755
1442,neutral,0.7193405032157898
1443,fear,0.42886319756507874
1444,neutral,0.843390166759491
1445,neutral,0.6283144950866699
1446,surprise,0.6541272401809692
1447,neutral,0.6609068512916565
1448,neutral,0.678347110748291
1449,sadness,0.40363413095474243
1450,neutral,0.6226951479911804
1451,neutral,0.7443170547485352
1452,neutral,0.7724295854568481
1453,neutral,0.5360025763511658
1454,anger,0.7199311256408691
1455,fear,0.575070321559906
1456,disgust,0.5817921161651611
1457,anger,0.7159950733184814
1458,neutral,0.9212626814842224
1459,disgust,0.508547306060791
1460,neutral,0.8993613719940186
1461,neutral,0.3622073829174042
1462,disgust,0.4283351004123688
1463,neutral,0.6466664671897888
1464,neutral,0.7507414221763611
1465,disgust,0.6524986624717712
1466,neutral,0.6917082071304321
1467,neutral,0.4637538194656372
1468,neutral,0.9002563953399658
1469,neutral,0.5453279614448547
1470,neutral,0.6477712988853455
1471,neutral,0.8928256630897522
1472,neutral,0.8517100214958191
1473,surprise,0.35726627707481384
1474,neutral,0.8604946732521057
1475,anger,0.67343670129776
1476,fear,0.5158693194389343
1477,fear,0.9492087960243225
1478,surprise,0.7674335837364197
1479,fear,0.46717676520347595
1480,neutral,0.7936451435089111
1481,neutral,0.5090639591217041
1482,neutral,0.6434813737869263
1483,disgust,0.928841769695282
1484,neutral,0.9049503207206726
1485,sadness,0.932938814163208
1486,surprise,0.6501141786575317
1487,fear,0.9130643606185913
1488,fear,0.6221691966056824
1489,joy,0.6748426556587219
1490,neutral,0.6565618515014648
1491,neutral,0.6890534162521362
1492,neutral,0.4689834713935852
1493,anger,0.44866424798965454
1494,neutral,0.4818779230117798
1495,fear,0.9673216938972473
1496,neutral,0.859774112701416
1497,neutral,0.9429064989089966
1498,fear,0.9411932826042175
1499,sadness,0.6747699975967407
1500,neutral,0.8819692730903625
1501,anger,0.4661726951599121
1502,disgust,0.6564971208572388
1503,surprise,0.39920592308044434
1504,neutral,0.521593451499939
1505,fear,0.5767177939414978
1506,anger,0.9423807859420776
1507,neutral,0.7563908696174622
1508,sadness,0.6896376013755798
1509,sadness,0.37620237469673157
1510,neutral,0.9130100011825562
1511,fear,0.6186687350273132
1512,anger,0.28104832768440247
1513,fear,0.39937445521354675
1514,anger,0.2927827537059784
1515,anger,0.566104531288147
1516,sadness,0.5239304304122925
1517,neutral,0.8817874193191528
1518,fear,0.7640238404273987
1519,neutral,0.7624439597129822
1520,neutral,0.7839377522468567
1521,sadness,0.5503666996955872
1522,disgust,0.705985963344574
1523,neutral,0.639086902141571
1524,neutral,0.8788168430328369
1525,sadness,0.7794619798660278
1526,surprise,0.5889516472816467
1527,neutral,0.8300061821937561
1528,neutral,0.8974626064300537
1529,surprise,0.4214513897895813
1530,neutral,0.6082963347434998
1531,fear,0.5096480250358582
1532,neutral,0.5930817127227783
1533,surprise,0.8046190142631531
1534,sadness,0.3707442581653595
1535,neutral,0.6542204022407532
1536,neutral,0.599089503288269
1537,neutral,0.859801173210144
1538,neutral,0.44470441341400146
1539,fear,0.6041300892829895
1540,neutral,0.500737726688385
1541,neutral,0.8277830481529236
1542,sadness,0.6965848207473755
1543,neutral,0.41822829842567444
1544,neutral,0.4034978747367859
1545,neutral,0.9245191812515259
1546,neutral,0.7213548421859741
1547,anger,0.661797821521759
1548,disgust,0.42617639899253845
1549,disgust,0.6317729353904724
1550,sadness,0.39156875014305115
1551,fear,0.5009610652923584
1552,fear,0.5682663321495056
1553,neutral,0.6299617290496826
1554,neutral,0.4253591299057007
1555,fear,0.6590865254402161
1556,joy,0.5840929746627808
1557,neutral,0.8489329814910889
1558,sadness,0.8644490838050842
1559,neutral,0.8968546390533447
1560,neutral,0.7796595096588135
1561,anger,0.7035792469978333
1562,neutral,0.6470206379890442
1563,anger,0.5664466619491577
1564,neutral,0.7122963070869446
1565,neutral,0.9153375029563904
1566,fear,0.9548412561416626
1567,neutral,0.7692880630493164
1568,fear,0.6093048453330994
1569,neutral,0.49424517154693604
1570,neutral,0.9112256765365601
1571,fear,0.9159184694290161
1572,fear,0.9189730286598206
1573,neutral,0.7443756461143494
1574,neutral,0.5320696234703064
1575,disgust,0.541316032409668
1576,neutral,0.549519419670105
1577,neutral,0.8857735991477966
1578,neutral,0.8678238391876221
1579,neutral,0.44258975982666016
1580,neutral,0.7832640409469604
1581,sadness,0.4553990364074707
1582,neutral,0.8788243532180786
1583,anger,0.58976149559021
1584,neutral,0.6040582060813904
1585,surprise,0.6028267741203308
1586,neutral,0.7940022349357605
1587,fear,0.7532275915145874
1588,neutral,0.713444709777832
1589,neutral,0.8645036816596985
1590,neutral,0.9069506525993347
1591,sadness,0.7189745306968689
1592,neutral,0.6180139183998108
1593,neutral,0.6776217818260193
1594,neutral,0.669867992401123
1595,fear,0.9782004952430725
1596,disgust,0.6700373291969299
1597,fear,0.8883837461471558
1598,joy,0.48217451572418213
1599,sadness,0.9620105624198914
1600,fear,0.8495897650718689
1601,anger,0.5694190263748169
1602,fear,0.5914129018783569
1603,fear,0.4377269446849823
1604,surprise,0.34457433223724365
1605,neutral,0.5407520532608032
1606,sadness,0.5547066926956177
1607,anger,0.5217679142951965
1608,neutral,0.5933186411857605
1609,neutral,0.8861156702041626
1610,sadness,0.5629417896270752
1611,fear,0.8244295716285706
1612,fear,0.32487282156944275
1613,neutral,0.7890975475311279
1614,neutral,0.8044148087501526
1615,neutral,0.8280290365219116
1616,neutral,0.9555712342262268
1617,neutral,0.7622513175010681
1618,neutral,0.9530878067016602
1619,fear,0.9225382208824158
1620,neutral,0.5896155834197998
1621,neutral,0.32545337080955505
1622,neutral,0.8753748536109924
1623,neutral,0.47002822160720825
1624,neutral,0.7276269793510437
1625,neutral,0.4545155465602875
1626,anger,0.5089810490608215
1627,neutral,0.8924612998962402
1628,neutral,0.481159508228302
1629,fear,0.8604428768157959
1630,surprise,0.4332751929759979
1631,fear,0.9052196741104126
1632,surprise,0.6415877342224121
1633,neutral,0.8771187663078308
1634,fear,0.9836527109146118
1635,neutral,0.8943092226982117
1636,neutral,0.9171136021614075
1637,neutral,0.7080638408660889
1638,surprise,0.8626565933227539
1639,neutral,0.7337126731872559
1640,anger,0.8279244303703308
1641,anger,0.4102446138858795
1642,anger,0.8082783222198486
1643,anger,0.8808732628822327
1644,neutral,0.7293533086776733
1645,anger,0.8341900110244751
1646,neutral,0.760474443435669
1647,sadness,0.8494845628738403
1648,fear,0.29941388964653015
1649,neutral,0.825295090675354
1650,neutral,0.6480726003646851
1651,fear,0.9467108845710754
1652,anger,0.46233275532722473
1653,neutral,0.7332285642623901
1654,neutral,0.45115798711776733
1655,fear,0.6324363350868225
1656,sadness,0.5697052478790283
1657,disgust,0.6763668060302734
1658,fear,0.5658873915672302
1659,anger,0.36698225140571594
1660,neutral,0.7371190786361694
1661,fear,0.579666018486023
1662,fear,0.6847900152206421
1663,anger,0.8779756426811218
1664,fear,0.47914740443229675
1665,neutral,0.7907720804214478
1666,anger,0.8634557127952576
1667,anger,0.46071502566337585
1668,neutral,0.9287093281745911
1669,neutral,0.7296319007873535
1670,fear,0.5426509976387024
1671,anger,0.7706103920936584
1672,neutral,0.926555871963501
1673,neutral,0.7781084179878235
1674,anger,0.6255783438682556
1675,neutral,0.7701471447944641
1676,sadness,0.7381231188774109
1677,anger,0.6038587093353271
1678,neutral,0.8291071057319641
1679,neutral,0.940395176410675
1680,neutral,0.6563707590103149
1681,neutral,0.8816412687301636
1682,surprise,0.6446855068206787
1683,disgust,0.9299991130828857
1684,neutral,0.6814384460449219
1685,neutral,0.8219265937805176
1686,neutral,0.44384366273880005
1687,neutral,0.8480055332183838
1688,anger,0.3720877468585968
1689,disgust,0.7948055863380432
1690,neutral,0.29815474152565
1691,neutral,0.403687983751297
1692,anger,0.7210448980331421
1693,neutral,0.5156431794166565
1694,neutral,0.9517865777015686
1695,fear,0.8884999752044678
1696,disgust,0.9558125138282776
1697,neutral,0.7189481854438782
1698,neutral,0.8220583200454712
1699,neutral,0.7995026707649231
1700,anger,0.3526673913002014
1701,anger,0.4644682705402374
1702,anger,0.4844987094402313
1703,neutral,0.6171722412109375
1704,joy,0.6414579749107361
1705,fear,0.6038929224014282
1706,disgust,0.3779955506324768
1707,anger,0.5398231148719788
1708,neutral,0.6307550072669983
1709,neutral,0.9007211327552795
1710,neutral,0.7936797142028809
1711,sadness,0.6854341626167297
1712,neutral,0.6847963929176331
1713,neutral,0.5317099690437317
1714,neutral,0.681587278842926
1715,fear,0.9518527388572693
1716,fear,0.709722101688385
1717,fear,0.8887305855751038
1718,disgust,0.9046857357025146
1719,neutral,0.8632965087890625
1720,surprise,0.4943836033344269
1721,neutral,0.8058680295944214
1722,fear,0.857793927192688
1723,neutral,0.8249582052230835
1724,neutral,0.8132680654525757
1725,neutral,0.5736239552497864
1726,anger,0.9653631448745728
1727,fear,0.5393769145011902
1728,sadness,0.8320068717002869
1729,anger,0.5691149234771729
1730,neutral,0.8623608946800232
1731,anger,0.6339743733406067
1732,fear,0.3280893564224243
1733,neutral,0.434680700302124
1734,neutral,0.8216882348060608
1735,fear,0.5527831315994263
1736,anger,0.8695312738418579
1737,fear,0.9637071490287781
1738,neutral,0.4067465364933014
1739,neutral,0.7549960613250732
1740,fear,0.6240599155426025
1741,neutral,0.7490051984786987
1742,anger,0.3696422576904297
1743,fear,0.7742611169815063
1744,neutral,0.8611235022544861
1745,fear,0.9479358792304993
1746,fear,0.5308505296707153
1747,anger,0.6428596377372742
1748,disgust,0.6633161306381226
1749,neutral,0.40245571732521057
1750,joy,0.4892660975456238
1751,sadness,0.39755818247795105
1752,neutral,0.45504841208457947
1753,disgust,0.7389786839485168
1754,fear,0.7915064692497253
1755,joy,0.436244398355484
1756,neutral,0.6579077243804932
1757,fear,0.3397132158279419
1758,neutral,0.9148747324943542
1759,surprise,0.6997175812721252
1760,neutral,0.8530204892158508
1761,anger,0.8925819396972656
1762,neutral,0.7791229486465454
1763,neutral,0.9235110282897949
1764,neutral,0.9355192184448242
1765,neutral,0.952407717704773
1766,sadness,0.4513404369354248
1767,sadness,0.48249390721321106
1768,neutral,0.8148554563522339
1769,fear,0.5837657451629639
1770,neutral,0.48533013463020325
1771,fear,0.5968143939971924
1772,anger,0.6596862077713013
1773,disgust,0.546084463596344
1774,neutral,0.9110901355743408
1775,neutral,0.45550769567489624
1776,sadness,0.538899838924408
1777,neutral,0.46981385350227356
1778,neutral,0.6808353662490845
1779,neutral,0.3254373371601105
1780,fear,0.8192371726036072
1781,neutral,0.3217448890209198
1782,anger,0.4044686555862427
1783,sadness,0.6906144618988037
1784,anger,0.7875435948371887
1785,fear,0.7581645250320435
1786,fear,0.9802013039588928
1787,neutral,0.44701796770095825
1788,anger,0.7651688456535339
1789,disgust,0.9434327483177185
1790,neutral,0.24186743795871735
1791,disgust,0.5642318725585938
1792,sadness,0.42723122239112854
1793,anger,0.4333138167858124
1794,fear,0.7675601243972778
1795,neutral,0.5530858039855957
1796,neutral,0.8476359248161316
1797,neutral,0.874711811542511
1798,neutral,0.3819248080253601
1799,neutral,0.5863983631134033
1800,fear,0.8378183841705322
1801,neutral,0.42716559767723083
1802,neutral,0.9707159399986267
1803,fear,0.6269143223762512
1804,fear,0.5663536190986633
1805,fear,0.4776877760887146
1806,fear,0.7936102747917175
1807,neutral,0.4829387962818146
1808,fear,0.9383010864257812
1809,neutral,0.6535215377807617
1810,neutral,0.47582370042800903
1811,neutral,0.5255103707313538
1812,neutral,0.427633136510849
1813,sadness,0.6060660481452942
1814,neutral,0.499697208404541
1815,neutral,0.5520595908164978
1816,neutral,0.9274798035621643
1817,fear,0.9040505290031433
1818,neutral,0.3463766276836395
1819,neutral,0.6072643995285034
1820,disgust,0.6841254234313965
1821,neutral,0.7462117075920105
1822,disgust,0.5107151865959167
1823,neutral,0.5400646924972534
1824,anger,0.6602290272712708
1825,fear,0.3789622485637665
1826,fear,0.6105061173439026
1827,neutral,0.5478255748748779
1828,sadness,0.9765197038650513
1829,fear,0.4738667905330658
1830,sadness,0.9037549495697021
1831,neutral,0.5048736929893494
1832,neutral,0.5514329671859741
1833,neutral,0.8619458675384521
1834,neutral,0.40441787242889404
1835,neutral,0.7799742221832275
1836,sadness,0.5938711166381836
1837,anger,0.5593374967575073
1838,neutral,0.859843373298645
1839,anger,0.7280098795890808
1840,sadness,0.445892333984375
1841,neutral,0.41249823570251465
1842,neutral,0.9266644716262817
1843,neutral,0.3172740936279297
1844,joy,0.6060167551040649
1845,neutral,0.8851454854011536
1846,fear,0.43855205178260803
1847,neutral,0.6377153992652893
1848,fear,0.49378976225852966
1849,fear,0.6997256875038147
1850,sadness,0.8930171132087708
1851,neutral,0.5913488864898682
1852,disgust,0.36751219630241394
1853,neutral,0.9178652167320251
1854,neutral,0.9013887047767639
1855,neutral,0.5245420336723328
1856,neutral,0.6450087428092957
1857,neutral,0.6930453777313232
1858,disgust,0.6333574652671814
1859,fear,0.8682945966720581
1860,neutral,0.5528777837753296
1861,neutral,0.7111339569091797
1862,fear,0.5470336079597473
1863,neutral,0.8014288544654846
1864,neutral,0.48944947123527527
1865,neutral,0.8712813258171082
1866,joy,0.7805179953575134
1867,fear,0.7540362477302551
1868,fear,0.990667998790741
1869,neutral,0.8338450789451599
1870,neutral,0.6722453236579895
1871,neutral,0.4149724841117859
1872,sadness,0.41003137826919556
1873,neutral,0.6832863092422485
1874,sadness,0.8567650318145752
1875,neutral,0.8018968105316162
1876,surprise,0.6152839660644531
1877,surprise,0.4412967562675476
1878,neutral,0.8835040926933289
1879,neutral,0.8198524117469788
1880,fear,0.9131966233253479
1881,neutral,0.8591235876083374
1882,fear,0.4261179268360138
1883,neutral,0.6267601251602173
1884,neutral,0.4166557788848877
1885,neutral,0.648926854133606
1886,anger,0.8910892605781555
1887,neutral,0.8620066046714783
1888,fear,0.954206109046936
1889,neutral,0.592481255531311
1890,neutral,0.5804528594017029
1891,disgust,0.6400484442710876
1892,neutral,0.769200325012207
1893,neutral,0.934450089931488
1894,anger,0.4952797591686249
1895,disgust,0.5133704543113708
1896,fear,0.905748724937439
1897,fear,0.717984676361084
1898,surprise,0.48598891496658325
1899,neutral,0.9259591102600098
1900,anger,0.30910974740982056
1901,neutral,0.5744409561157227
1902,neutral,0.9015254974365234
1903,surprise,0.46479547023773193
1904,neutral,0.6413091421127319
1905,joy,0.6781213879585266
1906,neutral,0.9104847311973572
1907,fear,0.4222063720226288
1908,fear,0.4707689881324768
1909,neutral,0.39947932958602905
1910,fear,0.5005151033401489
1911,neutral,0.7967823147773743
1912,neutral,0.9198371171951294
1913,sadness,0.2932799756526947
1914,fear,0.9745941758155823
1915,joy,0.5441844463348389
1916,neutral,0.8403098583221436
1917,neutral,0.7839886546134949
1918,fear,0.9099342226982117
1919,neutral,0.8195207715034485
1920,sadness,0.34780392050743103
1921,neutral,0.8906319737434387
1922,neutral,0.8380533456802368
1923,disgust,0.7203637361526489
1924,neutral,0.7319088578224182
1925,anger,0.9007150530815125
1926,neutral,0.5919728875160217
1927,neutral,0.7928085923194885
1928,fear,0.7143603563308716
1929,neutral,0.2886396050453186
1930,neutral,0.7705153822898865
1931,neutral,0.591376543045044
1932,fear,0.7524533867835999
1933,neutral,0.8946751952171326
1934,surprise,0.5648927092552185
1935,disgust,0.9403127431869507
1936,neutral,0.4243626892566681
1937,neutral,0.26701846718788147
1938,neutral,0.9025692939758301
1939,neutral,0.6999187469482422
1940,neutral,0.7230077981948853
1941,neutral,0.7844645977020264
1942,neutral,0.5893935561180115
1943,sadness,0.6764131188392639
1944,neutral,0.8804597854614258
1945,fear,0.8879132866859436
1946,neutral,0.9268321990966797
1947,neutral,0.9010032415390015
1948,fear,0.9821505546569824
1949,neutral,0.7601395845413208
1950,neutral,0.41017308831214905
1951,neutral,0.866457998752594
1952,neutral,0.6196098327636719
1953,neutral,0.7774519920349121
1954,sadness,0.7480300664901733
1955,sadness,0.5528383255004883
1956,neutral,0.8857304453849792
1957,neutral,0.7633448243141174
1958,neutral,0.662326991558075
1959,anger,0.8347185850143433
1960,neutral,0.7421525120735168
1961,neutral,0.8146411180496216
1962,fear,0.4832662045955658
1963,neutral,0.6648327112197876
1964,neutral,0.9024328589439392
1965,neutral,0.47590747475624084
1966,neutral,0.8501307368278503
1967,fear,0.9358717799186707
1968,neutral,0.7974489331245422
1969,neutral,0.8499839305877686
1970,neutral,0.559382975101471
1971,sadness,0.5449662804603577
1972,joy,0.8561900854110718
1973,fear,0.8276687860488892
1974,fear,0.48092547059059143
1975,disgust,0.4461140036582947
1976,anger,0.3596828579902649
1977,neutral,0.8592420816421509
1978,neutral,0.6057435274124146
1979,fear,0.363115519285202
1980,fear,0.44817692041397095
1981,neutral,0.7290176749229431
1982,fear,0.5126076340675354
1983,neutral,0.8108630776405334
1984,fear,0.47144633531570435
1985,neutral,0.7891578078269958
1986,neutral,0.35128551721572876
1987,neutral,0.917181670665741
1988,neutral,0.8793644309043884
1989,neutral,0.7220871448516846
1990,neutral,0.7084776759147644
1991,fear,0.6991307735443115
1992,neutral,0.7539775371551514
1993,neutral,0.46431097388267517
1994,fear,0.7735385894775391
1995,fear,0.5902760028839111
1996,neutral,0.3759419322013855
1997,neutral,0.46230369806289673
1998,fear,0.981109619140625
1999,neutral,0.772718608379364
2000,neutral,0.8034399151802063
2001,neutral,0.8567012548446655
2002,neutral,0.7391760945320129
2003,fear,0.8622147440910339
2004,neutral,0.6306906938552856
2005,anger,0.9054707884788513
2006,anger,0.9319257140159607
2007,neutral,0.8024021983146667
2008,neutral,0.4401232898235321
2009,neutral,0.5060181021690369
2010,sadness,0.6231481432914734
2011,neutral,0.503944993019104
2012,anger,0.6212107539176941
2013,sadness,0.4953455328941345
2014,neutral,0.7054129242897034
2015,anger,0.4546431601047516
2016,neutral,0.9064832925796509
2017,fear,0.7970818877220154
2018,neutral,0.5371195077896118
2019,neutral,0.8152481317520142
2020,neutral,0.48931413888931274
2021,fear,0.8445210456848145
2022,neutral,0.6674610376358032
2023,disgust,0.6662004590034485
2024,neutral,0.9283442497253418
2025,neutral,0.8184460401535034
2026,neutral,0.26483598351478577
2027,fear,0.6461371779441833
2028,neutral,0.5045032501220703
2029,neutral,0.6959661245346069
2030,neutral,0.8763140439987183
2031,neutral,0.8037719130516052
2032,neutral,0.8725738525390625
2033,neutral,0.5394988656044006
2034,fear,0.31505945324897766
2035,neutral,0.8423450589179993
2036,neutral,0.6849046349525452
2037,neutral,0.8413102030754089
2038,neutral,0.7344601154327393
2039,neutral,0.8538855314254761
2040,neutral,0.7966669201850891
2041,neutral,0.41175147891044617
2042,disgust,0.4590374827384949
2043,neutral,0.6718210577964783
2044,fear,0.36884573101997375
2045,neutral,0.7920569777488708
2046,fear,0.8953754901885986
2047,neutral,0.7051399946212769
2048,neutral,0.8407129049301147
2049,disgust,0.46641674637794495
2050,neutral,0.5253243446350098
2051,neutral,0.7879837155342102
2052,neutral,0.7391768097877502
2053,neutral,0.8948658108711243
2054,neutral,0.44392508268356323
2055,anger,0.650512158870697
2056,surprise,0.8990840315818787
2057,neutral,0.5145570039749146
2058,neutral,0.7653234004974365
2059,neutral,0.789480984210968
2060,neutral,0.6941196918487549
2061,anger,0.7484857439994812
2062,surprise,0.36177122592926025
2063,neutral,0.7752596735954285
2064,sadness,0.645361065864563
2065,neutral,0.4879944920539856
2066,fear,0.9444924592971802
2067,neutral,0.7942612767219543
2068,neutral,0.7410497069358826
2069,neutral,0.500716507434845
2070,neutral,0.4313303828239441
2071,neutral,0.8646625876426697
2072,disgust,0.2939056158065796
2073,anger,0.9006381630897522
2074,neutral,0.6466664671897888
2075,anger,0.5389310121536255
2076,disgust,0.8779721856117249
2077,neutral,0.9265785813331604
2078,neutral,0.7628146409988403
2079,neutral,0.6829656362533569
2080,anger,0.3656318485736847
2081,neutral,0.6259509921073914
2082,fear,0.5531266927719116
2083,anger,0.8664926290512085
2084,neutral,0.29480040073394775
2085,neutral,0.6666101813316345
2086,neutral,0.8613096475601196
2087,neutral,0.8877600431442261
2088,neutral,0.6171141862869263
2089,anger,0.9155276417732239
2090,neutral,0.5302501320838928
2091,neutral,0.8805005550384521
2092,neutral,0.44364863634109497
2093,neutral,0.563038170337677
2094,neutral,0.6167230010032654
2095,fear,0.6906670928001404
2096,neutral,0.6048034429550171
2097,neutral,0.9047292470932007
2098,anger,0.9248588681221008
2099,neutral,0.7634682059288025
2100,neutral,0.8464716076850891
2101,sadness,0.5871252417564392
2102,neutral,0.7149050831794739
2103,neutral,0.6349219679832458
2104,fear,0.8192299008369446
2105,neutral,0.6335822939872742
2106,disgust,0.3911598324775696
2107,disgust,0.36879870295524597
2108,neutral,0.6512038707733154
2109,anger,0.9658108353614807
2110,sadness,0.4276026487350464
2111,fear,0.38704216480255127
2112,surprise,0.9080505967140198
2113,fear,0.3878055512905121
2114,neutral,0.8325294852256775
2115,fear,0.7167816758155823
2116,fear,0.8368775844573975
2117,neutral,0.8529295325279236
2118,sadness,0.3281157314777374
2119,neutral,0.7941802740097046
2120,sadness,0.6442276239395142
2121,neutral,0.791820764541626
2122,neutral,0.7663607001304626
2123,joy,0.8184281587600708
2124,sadness,0.3314296007156372
2125,fear,0.8490739464759827
2126,disgust,0.838105320930481
2127,neutral,0.8146519660949707
2128,disgust,0.5224902033805847
2129,fear,0.640173077583313
2130,neutral,0.9230242967605591
2131,anger,0.5572245121002197
2132,anger,0.5823020339012146
2133,anger,0.9647607207298279
2134,neutral,0.8945411443710327
2135,neutral,0.8450536727905273
2136,fear,0.9178621172904968
2137,neutral,0.7098562121391296
2138,anger,0.9716926217079163
2139,neutral,0.5211055278778076
2140,neutral,0.5817226767539978
2141,fear,0.6576359272003174
2142,neutral,0.9293547868728638
2143,disgust,0.5994353890419006
2144,anger,0.9314873218536377
2145,neutral,0.821325957775116
2146,anger,0.6315951943397522
2147,neutral,0.3498220443725586
2148,fear,0.46865114569664
2149,sadness,0.8917545080184937
2150,neutral,0.6291996240615845
2151,neutral,0.9523876905441284
2152,fear,0.9711567163467407
2153,anger,0.30260181427001953
2154,neutral,0.670515239238739
2155,disgust,0.5964846611022949
2156,neutral,0.4797014892101288
2157,neutral,0.9027968049049377
2158,neutral,0.41701745986938477
2159,fear,0.7604195475578308
2160,fear,0.5440803170204163
2161,fear,0.5155087113380432
2162,fear,0.7875754833221436
2163,fear,0.8507214784622192
2164,neutral,0.626880943775177
2165,neutral,0.8765415549278259
2166,neutral,0.638670027256012
2167,anger,0.5559284687042236
2168,neutral,0.8416094779968262
2169,neutral,0.6835904121398926
2170,neutral,0.8051140308380127
2171,sadness,0.3662743866443634
2172,neutral,0.8356146812438965
2173,neutral,0.673871636390686
2174,anger,0.577080249786377
2175,fear,0.7235068082809448
2176,anger,0.510723352432251
2177,neutral,0.8400557637214661
2178,fear,0.9836969971656799
2179,neutral,0.8393628001213074
2180,fear,0.6965277791023254
2181,neutral,0.620937168598175
2182,neutral,0.46647387742996216
2183,neutral,0.7677875757217407
2184,neutral,0.8263567090034485
2185,sadness,0.6073453426361084
2186,neutral,0.8720282316207886
2187,anger,0.6132547855377197
2188,disgust,0.3511653244495392
2189,anger,0.471341609954834
2190,neutral,0.34355196356773376
2191,surprise,0.5953972339630127
2192,neutral,0.8129243850708008
2193,fear,0.7511690258979797
2194,neutral,0.5916645526885986
2195,neutral,0.6167253255844116
2196,neutral,0.8254925012588501
2197,fear,0.6863306164741516
2198,neutral,0.5864530205726624
2199,disgust,0.5984006524085999
2200,fear,0.29249516129493713
2201,neutral,0.40981584787368774
2202,neutral,0.580208420753479
2203,neutral,0.9250778555870056
2204,neutral,0.4037875235080719
2205,sadness,0.5957527756690979
2206,sadness,0.5625076293945312
2207,fear,0.6865136027336121
2208,neutral,0.619059145450592
2209,sadness,0.5336419343948364
2210,neutral,0.8331825137138367
2211,neutral,0.9098868370056152
2212,neutral,0.3807119131088257
2213,neutral,0.5190103054046631
2214,disgust,0.5898952484130859
2215,sadness,0.717600405216217
2216,neutral,0.37207040190696716
2217,sadness,0.5521171689033508
2218,disgust,0.3520801067352295
2219,anger,0.8498148322105408
2220,sadness,0.7727605700492859
2221,neutral,0.47197315096855164
2222,neutral,0.7413930892944336
2223,anger,0.5302817225456238
2224,disgust,0.5513375997543335
2225,neutral,0.6036808490753174
2226,surprise,0.9754493832588196
2227,disgust,0.44438236951828003
2228,fear,0.39831045269966125
2229,sadness,0.7330246567726135
2230,sadness,0.426742285490036
2231,anger,0.3346700072288513
2232,neutral,0.6171025037765503
2233,sadness,0.847200870513916
2234,sadness,0.924232006072998
2235,neutral,0.7088561058044434
2236,anger,0.5802051424980164
2237,fear,0.45322561264038086
2238,disgust,0.8337398171424866
2239,sadness,0.7058731913566589
2240,neutral,0.49702924489974976
2241,fear,0.8745121955871582
2242,neutral,0.9538114666938782
2243,anger,0.3995021879673004
2244,neutral,0.3033348321914673
2245,neutral,0.3553973436355591
2246,neutral,0.7217180132865906
2247,neutral,0.6547625064849854
2248,fear,0.9680615663528442
2249,neutral,0.40457797050476074
2250,disgust,0.9734776616096497
2251,neutral,0.4762263000011444
2252,neutral,0.46152448654174805
2253,anger,0.47102031111717224
2254,neutral,0.8916079998016357
2255,neutral,0.30013975501060486
2256,fear,0.48647797107696533
2257,anger,0.6074526309967041
2258,fear,0.8289501070976257
2259,neutral,0.6590819358825684
2260,neutral,0.7460699677467346
2261,anger,0.9580919742584229
2262,fear,0.4568396806716919
2263,neutral,0.9583685994148254
2264,neutral,0.9458580613136292
2265,fear,0.4718787372112274
2266,neutral,0.5774282217025757
2267,anger,0.49554741382598877
2268,neutral,0.643121063709259
2269,fear,0.38946619629859924
2270,anger,0.5436145067214966
2271,neutral,0.8929522037506104
2272,disgust,0.656736433506012
2273,neutral,0.5006040334701538
2274,neutral,0.7626343965530396
2275,neutral,0.6956499814987183
2276,fear,0.7462294697761536
2277,neutral,0.6616241335868835
2278,anger,0.4356440603733063
2279,neutral,0.8655562996864319
2280,neutral,0.9166463017463684
2281,neutral,0.5826297402381897
2282,neutral,0.5274112820625305
2283,neutral,0.7190461158752441
2284,surprise,0.6170939803123474
2285,neutral,0.5863491892814636
2286,neutral,0.7151197791099548
2287,anger,0.5682617425918579
2288,neutral,0.9073511362075806
2289,neutral,0.6447816491127014
2290,neutral,0.6951155066490173
2291,neutral,0.8038913011550903
2292,neutral,0.8047259449958801
2293,neutral,0.5178627967834473
2294,fear,0.9031012654304504
2295,anger,0.799573540687561
2296,fear,0.983366072177887
2297,surprise,0.6885514855384827
2298,disgust,0.4506815969944
2299,neutral,0.5960708260536194
2300,neutral,0.8169777393341064
2301,fear,0.4980573058128357
2302,neutral,0.748781681060791
2303,neutral,0.3554290235042572
2304,neutral,0.9295697808265686
2305,fear,0.8554683327674866
2306,anger,0.498383104801178
2307,sadness,0.5175337195396423
2308,neutral,0.7695702314376831
2309,neutral,0.5502378344535828
2310,disgust,0.9371181130409241
2311,sadness,0.9392590522766113
2312,neutral,0.47847509384155273
2313,disgust,0.5769326090812683
2314,neutral,0.819664478302002
2315,sadness,0.4756583571434021
2316,anger,0.3726081848144531
2317,neutral,0.3772106468677521
2318,surprise,0.509303092956543
2319,anger,0.47739118337631226
2320,neutral,0.6033143997192383
2321,neutral,0.5628078579902649
2322,fear,0.6508293747901917
2323,neutral,0.5645511746406555
2324,fear,0.7084366083145142
2325,fear,0.9051153063774109
2326,anger,0.709175705909729
2327,fear,0.707804799079895
2328,anger,0.8479570150375366
2329,neutral,0.816957414150238
2330,neutral,0.6159523129463196
2331,neutral,0.8780952095985413
2332,neutral,0.6756432056427002
2333,fear,0.9106189608573914
2334,neutral,0.6716089248657227
2335,neutral,0.6903246641159058
2336,surprise,0.3834773898124695
2337,fear,0.6964988112449646
2338,neutral,0.4143966734409332
2339,fear,0.7870736122131348
2340,fear,0.3936580419540405
2341,fear,0.9778501987457275
2342,disgust,0.4853823482990265
2343,anger,0.6243167519569397
2344,neutral,0.7430341243743896
2345,neutral,0.8093730807304382
2346,sadness,0.5456171035766602
2347,sadness,0.8511958122253418
2348,neutral,0.6968264579772949
2349,disgust,0.565724790096283
2350,anger,0.4375520646572113
2351,neutral,0.49363550543785095
2352,neutral,0.4777880609035492
2353,sadness,0.7649217844009399
2354,neutral,0.8910931944847107
2355,anger,0.34328776597976685
2356,neutral,0.7045308351516724
2357,fear,0.3535732328891754
2358,neutral,0.7783375382423401
2359,neutral,0.9537796974182129
2360,neutral,0.5498470067977905
2361,neutral,0.8066999316215515
2362,neutral,0.9292693138122559
2363,sadness,0.780349850654602
2364,neutral,0.8495011329650879
2365,neutral,0.4915618300437927
2366,neutral,0.7759130597114563
2367,fear,0.601169764995575
2368,anger,0.5593823790550232
2369,disgust,0.6889007091522217
2370,neutral,0.6621527075767517
2371,neutral,0.7983958125114441
2372,anger,0.9233424067497253
2373,neutral,0.5196662545204163
2374,sadness,0.9062612652778625
2375,disgust,0.9399152398109436
2376,neutral,0.7698513865470886
2377,neutral,0.7861637473106384
2378,neutral,0.7224472165107727
2379,neutral,0.7700628042221069
2380,neutral,0.7502191066741943
2381,fear,0.7174522280693054
2382,fear,0.467830091714859
2383,neutral,0.8392070531845093
2384,neutral,0.8666255474090576
2385,neutral,0.5450661182403564
2386,fear,0.44209063053131104
2387,disgust,0.8496651649475098
2388,neutral,0.8842554688453674
2389,surprise,0.5093398094177246
2390,neutral,0.904308021068573
2391,neutral,0.6710586547851562
2392,neutral,0.7554226517677307
2393,neutral,0.6673176288604736
2394,disgust,0.3681254982948303
2395,fear,0.9735910892486572
2396,neutral,0.697950005531311
2397,anger,0.8034108877182007
2398,neutral,0.8836739659309387
2399,fear,0.9189136028289795
2400,sadness,0.5481460094451904
2401,fear,0.8651314973831177
2402,fear,0.9859039187431335
2403,neutral,0.8886939287185669
2404,neutral,0.6717211008071899
2405,neutral,0.9628401398658752
2406,neutral,0.5064558982849121
2407,neutral,0.4937709867954254
2408,neutral,0.8779610395431519
2409,neutral,0.5285473465919495
2410,neutral,0.29874464869499207
2411,fear,0.3863537907600403
2412,sadness,0.7827681303024292
2413,fear,0.9491732120513916
2414,disgust,0.6486784815788269
2415,neutral,0.8080167770385742
2416,neutral,0.6987159252166748
2417,sadness,0.9047770500183105
2418,disgust,0.7573822736740112
2419,fear,0.8781155347824097
2420,neutral,0.6484972238540649
2421,anger,0.440405935049057
2422,neutral,0.8552414774894714
2423,neutral,0.6609935164451599
2424,neutral,0.7294853329658508
2425,neutral,0.5377176403999329
2426,neutral,0.6111976504325867
2427,anger,0.3387746214866638
2428,fear,0.4249124526977539
2429,neutral,0.38345998525619507
2430,neutral,0.9037920236587524
2431,fear,0.9158107042312622
2432,neutral,0.561185896396637
2433,neutral,0.7725281119346619
2434,fear,0.3376408815383911
2435,disgust,0.7860670685768127
2436,neutral,0.6211217045783997
2437,fear,0.5345798134803772
2438,anger,0.7583979368209839
2439,neutral,0.6484290361404419
2440,surprise,0.5887655019760132
2441,neutral,0.8150923252105713
2442,sadness,0.48599162697792053
2443,neutral,0.516762375831604
2444,sadness,0.38124221563339233
2445,anger,0.5300960540771484
2446,neutral,0.586175799369812
2447,sadness,0.4807286262512207
2448,neutral,0.7041066288948059
2449,neutral,0.9392150044441223
2450,fear,0.9944045543670654
2451,neutral,0.7665014266967773
2452,fear,0.4198397099971771
2453,anger,0.8888395428657532
2454,anger,0.4283009469509125
2455,neutral,0.6992751359939575
2456,neutral,0.8771007061004639
2457,fear,0.6787333488464355
2458,neutral,0.87201988697052
2459,sadness,0.6006358861923218
2460,fear,0.6291062831878662
2461,anger,0.6256421208381653
2462,sadness,0.39206159114837646
2463,fear,0.9810439944267273
2464,neutral,0.5412099957466125
2465,neutral,0.4767390489578247
2466,neutral,0.6845771074295044
2467,anger,0.8017978072166443
2468,surprise,0.48146671056747437
2469,neutral,0.5579907894134521
2470,neutral,0.7087214589118958
2471,fear,0.9505964517593384
2472,neutral,0.8203190565109253
2473,neutral,0.9374865293502808
2474,neutral,0.8484863042831421
2475,anger,0.42384234070777893
2476,neutral,0.5958593487739563
2477,neutral,0.726584255695343
2478,fear,0.8760802745819092
2479,neutral,0.8116461634635925
2480,fear,0.9941837191581726
2481,anger,0.8942691683769226
2482,neutral,0.5754749774932861
2483,neutral,0.47901996970176697
2484,fear,0.9197386503219604
2485,neutral,0.49331867694854736
2486,anger,0.3178534209728241
2487,anger,0.7499648332595825
2488,fear,0.98526531457901
2489,neutral,0.32422876358032227
2490,anger,0.5757039189338684
2491,anger,0.6610850691795349
2492,sadness,0.4025477468967438
2493,anger,0.5804277062416077
2494,neutral,0.8852003216743469
2495,neutral,0.8962465524673462
2496,fear,0.47046345472335815
2497,surprise,0.47281116247177124
2498,anger,0.31990867853164673
2499,neutral,0.841637372970581
2500,neutral,0.49637478590011597
2501,fear,0.49256622791290283
2502,neutral,0.5532671213150024
2503,neutral,0.5017874240875244
2504,neutral,0.6804039478302002
2505,fear,0.7894068360328674
2506,fear,0.7441641688346863
2507,anger,0.8438303470611572
2508,neutral,0.9171134233474731
2509,neutral,0.524965226650238
2510,neutral,0.48798733949661255
2511,fear,0.5671423673629761
2512,joy,0.9212300777435303
2513,anger,0.5537725687026978
2514,neutral,0.6080421805381775
2515,neutral,0.6671833992004395
2516,disgust,0.4480753540992737
2517,joy,0.8938770294189453
2518,neutral,0.637610673904419
2519,neutral,0.8574787378311157
2520,neutral,0.8083081841468811
2521,anger,0.3910090923309326
2522,disgust,0.4475529193878174
2523,fear,0.29925110936164856
2524,anger,0.7632800340652466
2525,disgust,0.5589446425437927
2526,neutral,0.41310977935791016
2527,neutral,0.736967146396637
2528,fear,0.4812820255756378
2529,anger,0.42658889293670654
2530,neutral,0.8873896598815918
2531,fear,0.8102584481239319
2532,sadness,0.3928053379058838
2533,anger,0.4842155873775482
2534,neutral,0.6452643871307373
2535,joy,0.7155137062072754
2536,fear,0.9582597613334656
2537,sadness,0.8557683229446411
2538,anger,0.5148487091064453
2539,neutral,0.41913387179374695
2540,fear,0.8209689259529114
2541,fear,0.8796306252479553
2542,anger,0.4586430490016937
2543,disgust,0.4411792457103729
2544,joy,0.5851090550422668
2545,neutral,0.6398507952690125
2546,fear,0.4255618453025818
2547,neutral,0.30300477147102356
2548,neutral,0.8403082489967346
2549,disgust,0.31881600618362427
2550,disgust,0.6503279209136963
2551,disgust,0.385856956243515
2552,joy,0.7194282412528992
2553,neutral,0.6713280081748962
2554,neutral,0.44539567828178406
2555,fear,0.5092589855194092
2556,sadness,0.9078819751739502
2557,neutral,0.34799790382385254
2558,neutral,0.48122790455818176
2559,fear,0.9709615707397461
2560,neutral,0.7955020666122437
2561,sadness,0.38010770082473755
2562,joy,0.6750104427337646
2563,anger,0.9800308346748352
2564,neutral,0.6587344408035278
2565,fear,0.41990140080451965
2566,neutral,0.5373148918151855
2567,neutral,0.6673176288604736
2568,disgust,0.5613988637924194
2569,neutral,0.8175267577171326
2570,sadness,0.8332286477088928
2571,neutral,0.7045555710792542
2572,neutral,0.42681512236595154
2573,surprise,0.1995251178741455
2574,neutral,0.7693026661872864
2575,neutral,0.830524742603302
2576,disgust,0.39146146178245544
2577,anger,0.9606742858886719
2578,neutral,0.8943092226982117
2579,neutral,0.7597259283065796
2580,fear,0.8170114755630493
2581,neutral,0.8235795497894287
2582,anger,0.697265625
2583,neutral,0.6384958028793335
2584,neutral,0.7853428721427917
2585,sadness,0.874978244304657
2586,neutral,0.631559431552887
2587,neutral,0.5949498414993286
2588,neutral,0.9010978937149048
2589,disgust,0.4814952313899994
2590,neutral,0.8810218572616577
2591,joy,0.5519084930419922
2592,neutral,0.8362740278244019
2593,disgust,0.6451850533485413
2594,neutral,0.8736692667007446
2595,disgust,0.5406488180160522
2596,disgust,0.7786464095115662
2597,neutral,0.9046251773834229
2598,fear,0.5135912895202637
2599,anger,0.38730624318122864
2600,surprise,0.43552443385124207
2601,joy,0.737392246723175
2602,sadness,0.794565737247467
2603,neutral,0.8953548073768616
2604,neutral,0.6311022639274597
2605,anger,0.49640488624572754
2606,anger,0.5400392413139343
2607,neutral,0.8478402495384216
2608,neutral,0.9242144227027893
2609,fear,0.6629372835159302
2610,neutral,0.5645509362220764
2611,neutral,0.7302441000938416
2612,neutral,0.4422036111354828
2613,neutral,0.8543357849121094
2614,fear,0.9459195137023926
2615,disgust,0.5635871291160583
2616,neutral,0.7158387899398804
2617,neutral,0.6226552128791809
2618,neutral,0.5693259239196777
2619,anger,0.9313092827796936
2620,anger,0.969748854637146
2621,neutral,0.8405986428260803
2622,neutral,0.8356660604476929
2623,anger,0.6447819471359253
2624,neutral,0.6200050711631775
2625,neutral,0.5082014799118042
2626,fear,0.6489325761795044
2627,neutral,0.4812808036804199
2628,anger,0.4510229229927063
2629,fear,0.5434954166412354
2630,neutral,0.905259907245636
2631,neutral,0.882941484451294
2632,fear,0.4402080774307251
2633,neutral,0.5854407548904419
2634,neutral,0.8147788047790527
2635,neutral,0.65769362449646
2636,anger,0.8810696601867676
2637,neutral,0.8027206063270569
2638,sadness,0.5850950479507446
2639,neutral,0.6121670603752136
2640,neutral,0.84395432472229
2641,fear,0.9899147748947144
2642,anger,0.7841272950172424
2643,sadness,0.40979740023612976
2644,anger,0.48176640272140503
2645,neutral,0.3888096213340759
2646,neutral,0.6618001461029053
2647,fear,0.9656955599784851
2648,neutral,0.7975651621818542
2649,fear,0.8401932716369629
2650,neutral,0.666597306728363
2651,neutral,0.834433376789093
2652,neutral,0.7584247589111328
2653,neutral,0.926507294178009
2654,fear,0.5550034642219543
2655,neutral,0.34849220514297485
2656,neutral,0.9188196063041687
2657,neutral,0.9067612886428833
2658,disgust,0.5456074476242065
2659,neutral,0.4732402265071869
2660,fear,0.5123679041862488
2661,neutral,0.6344631314277649
2662,neutral,0.7245321273803711
2663,fear,0.6311212182044983
2664,anger,0.9921820759773254
2665,anger,0.2567587196826935
2666,neutral,0.8024503588676453
2667,neutral,0.5401259064674377
2668,neutral,0.478322297334671
2669,anger,0.9051324129104614
2670,neutral,0.42490923404693604
2671,fear,0.4434225261211395
2672,neutral,0.7868157029151917
2673,anger,0.7400209903717041
2674,disgust,0.7882823348045349
2675,anger,0.5241572260856628
2676,neutral,0.9267514944076538
2677,neutral,0.6194874048233032
2678,neutral,0.6732428669929504
2679,sadness,0.6596376299858093
2680,neutral,0.7492316365242004
2681,joy,0.7877898216247559
2682,neutral,0.7920367121696472
2683,disgust,0.33109980821609497
2684,neutral,0.792205810546875
2685,fear,0.7968144416809082
2686,neutral,0.7757147550582886
2687,sadness,0.5352560877799988
2688,disgust,0.5644180774688721
2689,neutral,0.6486130952835083
2690,fear,0.8588126301765442
2691,neutral,0.674917459487915
2692,disgust,0.5115432143211365
2693,neutral,0.7403900623321533
2694,fear,0.9812414050102234
2695,fear,0.8549503684043884
2696,neutral,0.845302939414978
2697,joy,0.7991364598274231
2698,neutral,0.6818230748176575
2699,fear,0.9558716416358948
2700,disgust,0.3097759187221527
2701,fear,0.7245111465454102
2702,sadness,0.5213198065757751
2703,neutral,0.48563721776008606
2704,neutral,0.22189393639564514
2705,neutral,0.7037307620048523
2706,anger,0.47758302092552185
2707,neutral,0.6889592409133911
2708,neutral,0.7189256548881531
2709,fear,0.64075767993927
2710,sadness,0.4035961627960205
2711,neutral,0.7345298528671265
2712,neutral,0.6753649711608887
2713,fear,0.805517852306366
2714,neutral,0.7534184455871582
2715,neutral,0.8834288120269775
2716,fear,0.9218262434005737
2717,fear,0.45173871517181396
2718,neutral,0.6563476920127869
2719,neutral,0.9392309784889221
2720,fear,0.985444962978363
2721,neutral,0.5078836679458618
2722,neutral,0.782151460647583
2723,neutral,0.6940428614616394
2724,neutral,0.5855625867843628
2725,anger,0.5614792704582214
2726,disgust,0.5624830722808838
2727,disgust,0.6606237888336182
2728,sadness,0.8800435066223145
2729,neutral,0.9029229879379272
2730,sadness,0.7821829915046692
2731,neutral,0.6419317126274109
2732,neutral,0.730292022228241
2733,anger,0.4818562865257263
2734,neutral,0.46480849385261536
2735,neutral,0.7364506721496582
2736,neutral,0.3847366273403168
2737,neutral,0.6811025142669678
2738,neutral,0.9345497488975525
2739,neutral,0.8845454454421997
2740,sadness,0.6378133296966553
2741,neutral,0.8491063714027405
2742,neutral,0.7999723553657532
2743,fear,0.5623223781585693
2744,neutral,0.7378252744674683
2745,fear,0.5646617412567139
2746,neutral,0.7909148335456848
2747,neutral,0.85982346534729
2748,sadness,0.8456743359565735
2749,fear,0.9649850130081177
2750,neutral,0.3707839548587799
2751,neutral,0.7879054546356201
2752,neutral,0.49747946858406067
2753,fear,0.8688303232192993
2754,fear,0.49313220381736755
2755,neutral,0.3920799493789673
2756,neutral,0.6317285895347595
2757,fear,0.9679079055786133
2758,fear,0.7396793365478516
2759,anger,0.3649464547634125
2760,neutral,0.9103066921234131
2761,anger,0.8769945502281189
2762,neutral,0.7499141097068787
2763,disgust,0.4013747274875641
2764,neutral,0.6813306212425232
2765,fear,0.6674139499664307
2766,neutral,0.9217349290847778
2767,anger,0.875137448310852
2768,sadness,0.8878112435340881
2769,disgust,0.6854580044746399
2770,neutral,0.7427364587783813
2771,fear,0.9798088669776917
2772,neutral,0.7183722853660583
2773,neutral,0.8103898763656616
2774,neutral,0.7784151434898376
2775,anger,0.49092066287994385
2776,neutral,0.8092736601829529
2777,anger,0.61794513463974
2778,neutral,0.4581392705440521
2779,sadness,0.4111757278442383
2780,neutral,0.49232590198516846
2781,neutral,0.8516048192977905
2782,neutral,0.7919794917106628
2783,neutral,0.4796900153160095
2784,fear,0.8630943298339844
2785,neutral,0.47140979766845703
2786,fear,0.5626004338264465
2787,neutral,0.8010766506195068
2788,sadness,0.44393208622932434
2789,anger,0.9564474821090698
2790,neutral,0.9215023517608643
2791,anger,0.28303343057632446
2792,neutral,0.9133270978927612
2793,disgust,0.41695287823677063
2794,neutral,0.8819262385368347
2795,surprise,0.47381240129470825
2796,surprise,0.34619009494781494
2797,anger,0.5887625217437744
2798,anger,0.9788705110549927
2799,joy,0.6443498730659485
2800,anger,0.7726967334747314
2801,neutral,0.5205642580986023
2802,neutral,0.8574150800704956
2803,sadness,0.5428329706192017
2804,neutral,0.5344526767730713
2805,anger,0.7722818851470947
2806,fear,0.8242964744567871
2807,neutral,0.41778749227523804
2808,neutral,0.7994714975357056
2809,neutral,0.651909589767456
2810,anger,0.33674296736717224
2811,neutral,0.9167428612709045
2812,neutral,0.8518986701965332
2813,neutral,0.47121474146842957
2814,neutral,0.502199649810791
2815,neutral,0.7382195591926575
2816,neutral,0.6197021007537842
2817,neutral,0.39002174139022827
2818,surprise,0.8431313633918762
2819,joy,0.6054787039756775
2820,fear,0.7506983280181885
2821,neutral,0.8767537474632263
2822,anger,0.813359797000885
2823,fear,0.7528388500213623
2824,neutral,0.6353678703308105
2825,neutral,0.8703334331512451
2826,neutral,0.8369503021240234
2827,neutral,0.863028883934021
2828,neutral,0.7091692090034485
2829,sadness,0.4898203909397125
2830,sadness,0.41369175910949707
2831,fear,0.797898530960083
2832,neutral,0.5292587280273438
2833,neutral,0.9292573928833008
2834,neutral,0.8504768013954163
2835,neutral,0.830225944519043
2836,neutral,0.9092415571212769
2837,anger,0.48889005184173584
2838,fear,0.6027088761329651
2839,disgust,0.2958804666996002
2840,neutral,0.9227671027183533
2841,fear,0.8081601858139038
2842,fear,0.9358717799186707
2843,neutral,0.5508835315704346
2844,anger,0.6166582703590393
2845,neutral,0.5705723166465759
2846,neutral,0.7964202761650085
2847,sadness,0.3778637647628784
2848,disgust,0.6050629615783691
2849,fear,0.8043273091316223
2850,neutral,0.8693017363548279
2851,neutral,0.8756987452507019
2852,fear,0.8389835357666016
2853,sadness,0.621566653251648
2854,neutral,0.7399426698684692
2855,neutral,0.8531602025032043
2856,neutral,0.616881251335144
2857,neutral,0.6934184432029724
2858,anger,0.6014031171798706
2859,neutral,0.8853598237037659
2860,sadness,0.7282031178474426
2861,neutral,0.9081945419311523
2862,neutral,0.7173619270324707
2863,neutral,0.9146284461021423
2864,neutral,0.7490033507347107
2865,neutral,0.6424193382263184
2866,neutral,0.8518064022064209
2867,anger,0.9319419264793396
2868,anger,0.740545928478241
2869,neutral,0.9561713337898254
2870,neutral,0.8197312355041504
2871,disgust,0.3490356504917145
2872,surprise,0.6395642757415771
2873,neutral,0.40292149782180786
2874,anger,0.5582231283187866
2875,neutral,0.8191609382629395
2876,neutral,0.502310574054718
2877,disgust,0.9299991130828857
2878,sadness,0.35210999846458435
2879,fear,0.8140586018562317
2880,neutral,0.528235137462616
2881,neutral,0.8565581440925598
2882,neutral,0.8342389464378357
2883,anger,0.47078415751457214
2884,neutral,0.7701646685600281
2885,fear,0.9227079153060913
2886,neutral,0.6519181728363037
2887,anger,0.832679808139801
2888,joy,0.6173610687255859
2889,neutral,0.2821105420589447
2890,neutral,0.6196353435516357
2891,neutral,0.9380653500556946
2892,neutral,0.4347311556339264
2893,neutral,0.5999842286109924
2894,neutral,0.6436446905136108
2895,fear,0.9517191648483276
2896,fear,0.9432875514030457
2897,neutral,0.8734534978866577
2898,neutral,0.933657705783844
2899,neutral,0.5339319109916687
2900,neutral,0.9325128793716431
2901,neutral,0.6275893449783325
2902,neutral,0.6373176574707031
2903,neutral,0.824880063533783
2904,neutral,0.7503695487976074
2905,anger,0.45538100600242615
2906,neutral,0.3566196858882904
2907,sadness,0.9687386155128479
2908,anger,0.5189043879508972
2909,neutral,0.5009977221488953
2910,neutral,0.5276964902877808
2911,neutral,0.48891544342041016
2912,disgust,0.8638684153556824
2913,disgust,0.3061017692089081
2914,anger,0.6650457978248596
2915,fear,0.5089502930641174
2916,fear,0.47807079553604126
2917,surprise,0.493030846118927
2918,neutral,0.9049757122993469
2919,disgust,0.5868521332740784
2920,neutral,0.41290774941444397
2921,neutral,0.7357918620109558
2922,disgust,0.7095932364463806
2923,joy,0.52290940284729
2924,neutral,0.6152045726776123
2925,neutral,0.7814814448356628
2926,neutral,0.8533124923706055
2927,neutral,0.6170971989631653
2928,surprise,0.5643326044082642
2929,fear,0.7612574696540833
2930,neutral,0.7341822385787964
2931,fear,0.771628737449646
2932,fear,0.5336458683013916
2933,neutral,0.7601267695426941
2934,sadness,0.8780669569969177
2935,surprise,0.5265589952468872
2936,neutral,0.890922486782074
2937,fear,0.5350115895271301
2938,fear,0.8966966867446899
2939,disgust,0.4869055151939392
2940,neutral,0.7161552906036377
2941,neutral,0.8884954452514648
2942,anger,0.4356132447719574
2943,neutral,0.5509781241416931
2944,disgust,0.7716663479804993
2945,neutral,0.9142817258834839
2946,anger,0.6620180606842041
2947,neutral,0.8163247108459473
2948,fear,0.9763696789741516
2949,neutral,0.8935691118240356
2950,neutral,0.5335676670074463
2951,disgust,0.5473463535308838
2952,disgust,0.7129999399185181
2953,fear,0.9850420355796814
2954,sadness,0.9090861678123474
2955,neutral,0.7469745874404907
2956,anger,0.915829062461853
2957,neutral,0.29762402176856995
2958,neutral,0.861449658870697
2959,neutral,0.840548038482666
2960,neutral,0.874774694442749
2961,neutral,0.8772370219230652
2962,neutral,0.7125563621520996
2963,sadness,0.7695271968841553
2964,fear,0.5915827751159668
2965,fear,0.9235896468162537
2966,fear,0.32390615344047546
2967,joy,0.49446508288383484
2968,neutral,0.8954379558563232
2969,disgust,0.557792603969574
2970,anger,0.6123427152633667
2971,neutral,0.9158313870429993
2972,neutral,0.42294058203697205
2973,fear,0.5266320109367371
2974,neutral,0.9474080801010132
2975,neutral,0.8958030343055725
2976,neutral,0.679566502571106
2977,neutral,0.5602668523788452
2978,neutral,0.7926282286643982
2979,sadness,0.8987761735916138
2980,neutral,0.9301875233650208
2981,neutral,0.6295347809791565
2982,joy,0.41732120513916016
2983,neutral,0.6518912315368652
2984,neutral,0.35017621517181396
2985,neutral,0.6903291344642639
2986,neutral,0.9084576368331909
2987,neutral,0.6640635132789612
2988,neutral,0.5126739740371704
2989,anger,0.5314638614654541
2990,neutral,0.5428800582885742
2991,neutral,0.8372466564178467
2992,neutral,0.4841054379940033
2993,fear,0.7718414068222046
2994,neutral,0.7839899063110352
2995,fear,0.926701009273529
2996,neutral,0.9009833335876465
2997,neutral,0.4983448386192322
2998,sadness,0.5864614248275757
2999,neutral,0.8894418478012085
3000,sadness,0.3467109203338623
3001,fear,0.9291479587554932
3002,sadness,0.6824743151664734
3003,fear,0.976259708404541
3004,sadness,0.5225297808647156
3005,neutral,0.7205498814582825
3006,neutral,0.42987728118896484
3007,anger,0.3310980200767517
3008,neutral,0.7090985774993896
3009,anger,0.2560051679611206
3010,neutral,0.7312301397323608
3011,neutral,0.4249696731567383
3012,neutral,0.6254538893699646
3013,neutral,0.8072792291641235
3014,neutral,0.6857640743255615
3015,anger,0.8034859895706177
3016,fear,0.4492693543434143
3017,neutral,0.790876567363739
3018,surprise,0.6516063809394836
3019,sadness,0.5783644318580627
3020,disgust,0.6186030507087708
3021,neutral,0.8619247078895569
3022,neutral,0.8424394726753235
3023,neutral,0.7159542441368103
3024,joy,0.8839815855026245
3025,sadness,0.9111678004264832
3026,neutral,0.729159951210022
3027,fear,0.6635722517967224
3028,sadness,0.7839882969856262
3029,disgust,0.6499511003494263
3030,anger,0.36329540610313416
3031,sadness,0.9401684403419495
3032,neutral,0.8132609128952026
3033,surprise,0.8178863525390625
3034,neutral,0.7771187424659729
3035,neutral,0.8941598534584045
3036,fear,0.9505402445793152
3037,surprise,0.326957643032074
3038,neutral,0.45723822712898254
3039,neutral,0.6627619862556458
3040,fear,0.6585617661476135
3041,anger,0.44950050115585327
3042,anger,0.9591264128684998
3043,sadness,0.9483529925346375
3044,neutral,0.9224392175674438
3045,neutral,0.3820379674434662
3046,fear,0.9350297451019287
3047,neutral,0.4989340901374817
3048,neutral,0.5806465148925781
3049,fear,0.9878070950508118
3050,neutral,0.5066722631454468
3051,neutral,0.790179431438446
3052,neutral,0.8424264788627625
3053,anger,0.9690808653831482
3054,disgust,0.4717121422290802
3055,neutral,0.8020357489585876
3056,neutral,0.29203611612319946
3057,neutral,0.895476222038269
3058,neutral,0.7678539156913757
3059,anger,0.5374085903167725
3060,joy,0.5203415155410767
3061,neutral,0.9150018692016602
3062,neutral,0.8705868124961853
3063,neutral,0.7529605031013489
3064,neutral,0.3454853296279907
3065,neutral,0.9443457126617432
3066,neutral,0.5346155762672424
3067,surprise,0.8510013818740845
3068,fear,0.9346475005149841
3069,neutral,0.4353690445423126
3070,neutral,0.862159013748169
3071,anger,0.3223573863506317
3072,anger,0.4829557538032532
3073,neutral,0.4643886685371399
3074,anger,0.9048993587493896
3075,fear,0.5518232583999634
3076,neutral,0.83298659324646
3077,anger,0.4449227750301361
3078,neutral,0.9503995180130005
3079,fear,0.6555431485176086
3080,neutral,0.4872901737689972
3081,neutral,0.95750492811203
3082,neutral,0.6846944689750671
3083,neutral,0.7916035056114197
3084,neutral,0.42390960454940796
3085,disgust,0.9837356209754944
3086,neutral,0.7440028786659241
3087,anger,0.6165293455123901
3088,neutral,0.7361834645271301
3089,neutral,0.7404447197914124
3090,neutral,0.85340416431427
3091,neutral,0.8374356627464294
3092,joy,0.5159245133399963
3093,fear,0.6058151125907898
3094,fear,0.36708328127861023
3095,anger,0.7234441041946411
3096,fear,0.9170182943344116
3097,neutral,0.9047823548316956
3098,neutral,0.4868814945220947
3099,neutral,0.4958793818950653
3100,neutral,0.5674654841423035
3101,neutral,0.47848010063171387
3102,anger,0.5948320031166077
3103,neutral,0.4461345970630646
3104,fear,0.927534282207489
3105,neutral,0.80867600440979
3106,neutral,0.6688175201416016
3107,neutral,0.7430114150047302
3108,neutral,0.5114058256149292
3109,fear,0.9262247085571289
3110,fear,0.46630480885505676
3111,neutral,0.6785837411880493
3112,sadness,0.8073283433914185
3113,anger,0.4641095697879791
3114,neutral,0.7042666077613831
3115,neutral,0.7632963061332703
3116,surprise,0.6630670428276062
3117,neutral,0.8595016598701477
3118,neutral,0.9087319374084473
3119,neutral,0.3281921446323395
3120,neutral,0.5683900713920593
3121,neutral,0.7186079621315002
3122,neutral,0.5425265431404114
3123,anger,0.631901741027832
3124,neutral,0.8846144080162048
3125,neutral,0.7425475120544434
3126,neutral,0.5552782416343689
3127,neutral,0.422033429145813
3128,neutral,0.8970635533332825
3129,anger,0.7750704884529114
3130,neutral,0.9440414905548096
3131,neutral,0.3696245551109314
3132,neutral,0.7678360342979431
3133,disgust,0.6282610893249512
3134,neutral,0.6175515651702881
3135,anger,0.5627467632293701
3136,fear,0.41641443967819214
3137,neutral,0.7050279378890991
3138,anger,0.34133854508399963
3139,disgust,0.4324437081813812
3140,fear,0.5334836840629578
3141,neutral,0.510034441947937
3142,neutral,0.8668165802955627
3143,neutral,0.899699866771698
3144,neutral,0.4336434602737427
3145,neutral,0.8407948017120361
3146,fear,0.9335868954658508
3147,sadness,0.5203424692153931
3148,fear,0.7960970997810364
3149,anger,0.9120186567306519
3150,surprise,0.664685070514679
3151,neutral,0.6279914975166321
3152,neutral,0.3124539256095886
3153,neutral,0.4157538115978241
3154,sadness,0.3890880048274994
3155,anger,0.4739196300506592
3156,sadness,0.8342673182487488
3157,fear,0.6605715155601501
3158,neutral,0.51311856508255
3159,neutral,0.8171840906143188
3160,anger,0.44331005215644836
3161,anger,0.6760667562484741
3162,fear,0.6907022595405579
3163,neutral,0.30141791701316833
3164,neutral,0.38468411564826965
3165,sadness,0.3219427168369293
3166,neutral,0.8057717680931091
3167,sadness,0.9281635880470276
3168,sadness,0.5568782687187195
3169,neutral,0.8547923564910889
3170,fear,0.6817631125450134
